80009E	272
80019E	243
80059E	255
80129E	281
80139E	261
80199E	281
80209E	273
80219E	266
80239E	261
80249E	260
80259E	273
80269E	271
80279E	254
80299E	260
80309E	253
80319E	175
80329E	188
80339E	182
80349E	204
80359E	210
80369E	184
80399E	275
80409E	194
80419E	309
83909E	260
84099E	236
84129E	288
84169E	300
84239E	288
84329E	292
84449E	266
84589E	277
84759E	265
84779E	288
84889E	277
84929E	299
84959E	320
85019E	260
85059E	252
85069E	296
85159E	236
85169E	273
85249E	289
85259E	263
85329E	275
85339E	286
85419E	282
85439E	301
85549E	288
85609E	239
85779E	270
85809E	288
85879E	288
85889E	271
85989E	271
86049E	274
86119E	256
86239E	281
86319E	334
86469E	241
86599E	305
86659E	274
86729E	289
86739E	243
86749E	302
86839E	291
86889E	259
86949E	275
86969E	247
86989E	302
87099E	271
87109E	293
87189E	273
87219E	290
87339E	288
87369E	275
87459E	265
87479E	282
87519E	259
87589E	252
87719E	287
87759E	289
87839E	273
87909E	273
87949E	269
87979E	286
88009E	285
88089E	272
88289E	301
88369E	276
88379E	253
88399E	251
88479E	217
88559E	277
88699E	249
88779E	298
88839E	228
88849E	268
88869E	249
88889E	263
88919E	239
88949E	268
88969E	278
89039E	263
89059E	228
89079E	242
89089E	275
89139E	213
89149E	239
89189E	270
89219E	228
89239E	268
89249E	268
89289E	286
89309E	244
89329E	248
89339E	286
89369E	232
89389E	258
89409E	265
89429E	248
89439E	91
89449E	126
89469E	96
89489E	90
89609E	228
89649E	241
89659E	144
89689E	260
89699E	247
89709E	253
89719E	189
89729E	271
89749E	165
89769E	189
89779E	251
89809E	243
89829E	218
89869E	249
91469E	139
91479E	107
9149E	35
91539E	132
9159E	10
91619E	109
91629E	105
91669E	97
9169E	34
91709E	81
91769E	76
9179E	28
91819E	60
91869E	43
91879E	38
9189E	3
96009E	23
96019E	21
96029E	20
96049E	33
96059E	29
96069E	27
96079E	22
9609E	2
HZO	2
N001BR	1
N021BR	2
N043BR	1
N050AA	345
N050BR	1
N051AA	327
N052AA	308
N054AA	324
N055AA	289
N055BR	1
N056AA	297
N057AA	290
N058AA	319
N059AA	354
N060AA	305
N061AA	311
N062AA	352
N063AA	329
N064AA	321
N065AA	347
N066AA	355
N067AA	301
N068AA	341
N069AA	346
N070AA	308
N071AA	321
N072AA	300
N073AA	345
N074AA	271
N075AA	275
N075BR	1
N076AA	309
N077AA	320
N078AA	308
N079AA	329
N080AA	330
N081AA	325
N082AA	313
N083AA	344
N084AA	327
N10156	406
N101DA	92
N101UW	142
N102DA	139
N102UW	704
N10323	375
N103DA	91
N103US	341
N103UW	372
N104DA	57
N104UA	15
N104UW	720
N10575	519
N105DA	69
N105UA	14
N105UW	712
N106DA	106
N106US	345
N106UW	394
N107DL	69
N107UA	13
N107US	329
N107UW	373
N108DL	104
N108UW	764
N109DL	98
N109UW	755
N110DL	95
N110UW	662
N11106	423
N11107	419
N11109	437
N11113	452
N11119	466
N11121	438
N11127	412
N11137	468
N11140	394
N11150	400
N11155	428
N11164	417
N11165	358
N11176	405
N11181	381
N11184	326
N11187	296
N11189	337
N11191	345
N11192	367
N11193	327
N11194	383
N11199	306
N111DN	86
N111US	334
N111UW	386
N11206	389
N112DL	98
N112US	279
N112UW	407
N113DA	117
N113UW	688
N114BR	2
N114DL	140
N114UW	715
N11526	315
N11535	585
N11536	552
N11539	570
N11544	443
N11547	453
N11548	618
N11551	496
N11565	598
N115DA	86
N115UW	92
N11612	404
N11641	378
N11651	395
N11656	263
N116DL	85
N116UA	15
N116UW	133
N117DL	114
N117UA	18
N117UW	700
N118DL	114
N118UA	13
N118US	328
N118UW	363
N119DL	117
N119UA	16
N119US	319
N119UW	398
N1200K	38
N1201P	30
N120DL	296
N120UA	19
N120UW	119
N12109	198
N12114	195
N12116	184
N12122	398
N12125	217
N12126	395
N12135	453
N12136	395
N12142	469
N12145	461
N12157	446
N12160	393
N12163	376
N12166	431
N12167	332
N12172	409
N12175	357
N12195	316
N121DE	458
N121UA	15
N121UW	718
N12201	305
N12216	347
N12218	378
N12221	371
N12225	355
N12238	347
N122DL	277
N122UA	15
N122US	341
N122UW	368
N12313	366
N12318	401
N12319	398
N12322	362
N12327	302
N12349	301
N123DN	307
N123UW	714
N124DE	429
N124US	325
N124UW	418
N12519	353
N12528	289
N12530	378
N12540	571
N12552	494
N12563	488
N12564	584
N12567	653
N12569	481
N125DL	445
N126AT	590
N126DL	438
N127DL	445
N127UA	11
N128DL	415
N128UA	17
N12900	606
N12921	603
N12922	615
N12924	645
N12934	669
N12946	663
N12957	686
N12967	646
N12996	636
N129DL	422
N1308T	416
N1309T	677
N130DL	457
N13110	251
N13113	201
N13118	417
N13123	459
N13124	446
N13132	423
N13133	409
N13138	210
N13161	398
N131DN	480
N13202	245
N13248	377
N132DN	447
N1332U	600
N1334U	754
N133DN	434
N134DL	427
N13538	637
N13550	576
N13553	466
N13566	675
N135DL	480
N13624	371
N13665	255
N136DL	439
N13716	277
N13718	236
N13720	241
N13750	266
N137DL	487
N138DL	473
N13903	649
N13908	466
N13913	623
N13914	644
N13929	660
N13935	755
N13936	759
N13949	689
N13955	655
N13956	622
N13958	716
N13964	630
N13965	676
N13968	651
N13969	675
N13970	658
N13975	676
N13978	655
N13979	584
N13988	651
N13989	580
N13990	692
N13992	629
N13994	624
N13995	591
N13997	661
N139DL	486
N1402A	420
N140LL	380
N14102	163
N14105	433
N14106	189
N14107	220
N14115	189
N14116	433
N14117	469
N14118	198
N14120	254
N14121	234
N14125	435
N14143	423
N14148	413
N14153	424
N14158	374
N14162	390
N14168	349
N14171	379
N14173	361
N14174	402
N14177	369
N14179	361
N14180	334
N14186	338
N14188	288
N14198	302
N14203	292
N14204	252
N14214	382
N14219	354
N14230	358
N14231	349
N14237	364
N14242	314
N14250	367
N14308	415
N14320	399
N14324	392
N14325	257
N14334	340
N14335	406
N14336	388
N14337	362
N14341	412
N14342	373
N14346	276
N14347	302
N14358	298
N143DA	399
N144DA	355
N14505	334
N14508	328
N14514	350
N14516	325
N14522	402
N14542	628
N14543	599
N14558	442
N14562	490
N14568	460
N14570	511
N14573	642
N14601	366
N14604	382
N14605	382
N14609	386
N14613	384
N14628	360
N14629	385
N14639	375
N14645	379
N14652	380
N14653	418
N14654	353
N14655	381
N14660	222
N14662	247
N14664	325
N14667	382
N14668	353
N14704	243
N14731	257
N14735	255
N14902	609
N14904	634
N14905	623
N14907	459
N14916	593
N14920	616
N14923	630
N14925	637
N14930	688
N14933	721
N14937	645
N14938	701
N14939	711
N14940	700
N14942	628
N14943	664
N14945	732
N14947	766
N14950	637
N14952	611
N14953	627
N14959	657
N14960	609
N14972	625
N14974	606
N14977	624
N14991	611
N14993	613
N14998	571
N149AT	591
N1501P	18
N150AL	16
N151AL	2
N152DL	20
N153DL	20
N154AW	713
N154DL	21
N154SF	966
N15509	345
N15527	319
N15555	545
N15572	595
N15574	601
N155AW	709
N155DL	22
N15659	264
N156AW	634
N156DL	23
N15710	252
N15712	274
N15732	49
N157AW	718
N158AW	839
N15910	602
N15912	632
N15926	634
N15932	632
N15941	624
N15948	619
N15973	611
N15980	579
N15983	603
N15985	602
N15986	670
N1602	31
N1603	20
N1604R	36
N1605	25
N16065	23
N1607B	38
N1608	23
N1609	27
N160AW	643
N1610D	32
N16112	427
N1611B	30
N1612T	31
N1613B	25
N16147	435
N16149	428
N16151	386
N16170	351
N16178	322
N16183	302
N161AT	1
N161UW	786
N16217	376
N16234	354
N162AT	1
N162UW	801
N16301	420
N16310	347
N16339	385
N163AT	1
N163US	367
N163UW	381
N164AW	693
N164UW	346
N16501	337
N16502	360
N16510	356
N16511	344
N16520	322
N16525	311
N16541	578
N16546	474
N16559	459
N16561	519
N16571	612
N165US	352
N165UW	433
N16607	367
N16617	401
N16618	390
N16632	390
N16642	411
N16646	379
N16647	307
N16648	391
N16649	415
N16650	380
N166AT	550
N166AW	718
N166UW	338
N16701	244
N16703	256
N16709	228
N16713	246
N16731	39
N16732	269
N167AT	542
N167US	355
N167UW	395
N168AT	537
N168AW	723
N168UW	363
N16911	591
N16918	603
N16919	636
N16927	705
N16944	628
N16951	701
N16954	686
N16961	675
N16963	670
N16976	650
N16981	653
N16987	625
N16999	624
N169AT	584
N169DZ	25
N169UW	789
N170US	419
N170UW	427
N17104	202
N17105	216
N17108	483
N17115	457
N17122	240
N17126	214
N17128	164
N17133	183
N17138	447
N17139	229
N17146	409
N17156	855
N17159	386
N17169	372
N17175	1154
N17185	213
N17196	321
N171DN	26
N171DZ	136
N171UA	23
N171US	351
N171UW	408
N17217	424
N17229	366
N17231	712
N17233	348
N17244	349
N17245	341
N17275	791
N172DN	29
N172DZ	152
N172US	314
N172UW	426
N17309	36
N17321	348
N17326	288
N17328	293
N17329	359
N17337	649
N17344	384
N17345	445
N17356	325
N17358	764
N173AT	558
N173AW	226
N173DN	28
N173DZ	158
N173UA	19
N173US	385
N173UW	429
N174AT	591
N174AW	215
N174DN	34
N174DZ	178
N174UA	17
N174US	351
N174UW	407
N17507	303
N17513	341
N17521	357
N17524	298
N17560	405
N175AT	577
N175AW	707
N175DN	40
N175DZ	146
N175UA	17
N175UW	361
N17614	394
N17619	368
N17620	376
N17627	341
N17640	385
N17644	405
N17663	367
N176AT	574
N176DN	39
N176DZ	152
N176UA	4
N176UW	780
N17719	258
N17730	274
N177DN	27
N177DZ	149
N177UA	22
N177US	364
N177UW	403
N178DN	39
N178DZ	166
N178JB	701
N178UA	14
N178US	352
N178UW	403
N17928	723
N17984	689
N1799U	659
N179DN	32
N179JB	878
N179UA	16
N179UW	756
N180DN	28
N180UA	15
N180US	324
N180UW	408
N18101	404
N18102	425
N18112	193
N18114	438
N18119	219
N18120	430
N181DN	30
N181UA	22
N181UW	793
N18220	294
N18223	334
N18243	343
N182DN	22
N182UA	27
N182UW	762
N18350	292
N183DN	29
N183JB	825
N183UW	764
N184AT	531
N184DN	37
N184JB	832
N184US	350
N184UW	432
N18556	569
N18557	525
N185BR	1
N185DN	45
N185UW	780
N18611	359
N18622	412
N18658	358
N186DN	28
N186SW	209
N186US	370
N186UW	406
N187DN	25
N187JB	744
N187SW	71
N187UA	12
N187US	370
N187UW	407
N188DN	34
N188SW	177
N188US	409
N188UW	428
N18982	603
N189AW	11
N189DN	27
N189SW	246
N189UW	420
N190DN	28
N190JB	758
N190SW	205
N190UW	391
N19117	190
N19130	190
N19136	204
N19141	241
N191DN	28
N191UW	399
N192DN	38
N192JB	721
N192UW	437
N19357	302
N193DN	29
N193JB	746
N193UA	13
N193UW	72
N194AT	3
N194DN	31
N194UA	13
N194UW	42
N19503	354
N19554	571
N195DN	31
N195UA	12
N195UW	48
N19621	381
N19623	370
N19638	430
N196DN	33
N196UA	12
N197DN	37
N197JB	593
N197SW	236
N197UA	17
N198DN	35
N198JB	684
N198UA	14
N19966	703
N199DN	32
N199UA	12
N200	384
N200AA	384
N200UU	101
N200UW	210
N200WN	420
N201	406
N201AA	472
N201FR	105
N201LV	349
N201UU	238
N202	391
N202AA	470
N202FR	119
N202UA	534
N202UW	308
N202WN	412
N203	335
N203AA	153
N203JB	669
N203UA	572
N203UW	188
N203WN	403
N204	351
N204UA	45
N204UW	216
N204WN	393
N205	381
N205AA	120
N205UW	196
N205WN	421
N206	360
N206JB	646
N206UA	50
N206UW	309
N206WN	394
N207	331
N207AA	462
N207WN	364
N208	393
N208AA	448
N208WN	327
N209	359
N209UA	35
N209WN	380
N210	307
N210AA	130
N210UA	345
N210WN	434
N211	340
N21108	238
N21129	449
N21130	446
N21144	422
N21154	412
N21197	219
N211NE	205
N211NW	2
N211UA	333
N211WN	365
N212	320
N212SW	543
N212UA	331
N212WN	406
N213	343
N213SW	803
N213UA	287
N213WN	396
N214	341
N214AA	522
N214SW	360
N214UA	314
N214WN	380
N215	310
N21537	570
N215SW	1003
N215UA	342
N215WN	391
N216	359
N216AA	124
N216JB	614
N216SW	919
N216UA	18
N216WR	413
N217	333
N21723	234
N217JC	363
N217SW	907
N217UA	30
N218	296
N218AA	429
N218AE	369
N218SW	1320
N218UA	23
N218WN	368
N219	272
N219AA	422
N219AE	336
N219UA	29
N219WN	413
N220	291
N220SW	1278
N220UA	25
N220WN	368
N221	246
N221AA	120
N221DL	94
N221NW	17
N221SW	1325
N221UA	21
N221WN	442
N222	287
N222DZ	112
N222NE	14
N222UA	17
N222WN	379
N223	243
N223AA	466
N223DZ	93
N223NW	16
N223SW	1239
N223UA	15
N223WN	391
N224	220
N224AA	126
N224DA	105
N224NW	38
N224SW	1011
N224UA	21
N224WN	371
N225	225
N225AA	115
N225DL	93
N225NW	39
N225UA	24
N225WN	422
N226	232
N226AA	151
N226NW	20
N226SW	1085
N226UA	21
N226WN	344
N227	266
N227AA	443
N227SW	1236
N227UA	21
N227WN	388
N228	245
N228AA	179
N228JB	591
N228SW	1
N228UA	31
N228WN	418
N229	202
N22909	504
N22971	594
N229JB	621
N229NW	14
N229SW	1356
N229UA	21
N229WN	395
N230	187
N230NW	6
N230WN	348
N231	196
N2310	64
N23139	421
N231DN	78
N231JB	622
N231WN	350
N232	202
N232AA	431
N232AE	275
N232DZ	87
N232NW	5
N232SW	1013
N232WN	359
N233	190
N233AA	483
N233LV	397
N233NW	21
N233SW	1320
N234	170
N234AA	502
N234NW	47
N234SW	1337
N234WN	367
N235	161
N235AE	27
N235NW	23
N235SW	1393
N235WN	412
N236	134
N23657	296
N23661	327
N236AA	464
N236AE	338
N236JB	609
N236NW	34
N236SW	1068
N236WA	200
N236WN	402
N237	152
N23707	272
N23708	266
N23721	264
N237AA	472
N237NW	29
N237SW	880
N237WA	187
N237WN	383
N238	114
N238AE	589
N238BR	1
N238JB	533
N238NW	15
N238WA	238
N238WN	428
N239	160
N239BR	1
N239JB	506
N239NW	18
N239WA	163
N239WN	370
N240	145
N240AT	487
N240DS	392
N240MQ	8
N240NW	31
N240WN	396
N241	113
N24103	400
N24128	420
N241AA	453
N241DL	92
N241NW	6
N241WN	444
N242	135
N24202	334
N24211	351
N24212	376
N24224	350
N242AA	464
N242DL	100
N242NW	9
N242WA	154
N242WN	381
N243	124
N243NW	20
N243WA	145
N243WN	345
N244	113
N244AA	450
N244NW	18
N244WA	188
N244WN	332
N245	92
N24517	317
N245AA	492
N245AY	129
N245WA	208
N245WN	391
N246	103
N24633	355
N246AA	442
N246AY	139
N246LV	398
N247	126
N24702	321
N24706	247
N24715	263
N24729	252
N24736	246
N247JB	600
N247WN	412
N248	87
N248AA	487
N248AY	105
N248WN	427
N249	95
N249AA	397
N249AU	126
N249BR	2
N249JB	518
N249WN	406
N250	87
N250AE	175
N250AL	144
N250AY	98
N250MQ	9
N250WN	378
N250YV	1027
N251	91
N25134	422
N251AA	487
N251AY	140
N251BR	1
N251WN	359
N251YV	1329
N252	84
N252AL	40
N252AU	114
N252WN	407
N253	81
N253AA	486
N253AE	310
N253AU	2
N253AY	122
N253MQ	8
N253WN	413
N254	78
N254WN	354
N255	63
N25504	360
N255AA	469
N255AY	89
N255BR	3
N255WN	356
N256	61
N256AY	139
N256WN	397
N257	75
N25705	267
N257WN	404
N258	60
N258AA	469
N258JB	514
N258WN	417
N259	45
N259AA	446
N259BR	1
N259WN	376
N260	39
N260WN	380
N261	33
N26123	206
N26141	404
N261AE	24
N261AT	486
N261WN	409
N262	32
N26208	359
N26210	342
N26215	367
N26226	340
N262AA	478
N262WN	347
N263	3
N263AE	566
N263WN	395
N264	2
N264LV	371
N26545	643
N26549	482
N265JB	497
N265WN	407
N266AA	465
N266AE	525
N266JB	435
N266WN	377
N267AT	454
N267JB	426
N267WN	359
N268AT	394
N268UE	171
N268WN	364
N269AA	114
N269WN	391
N270	128
N27015	3
N270AY	52
N270WN	237
N270YV	1096
N271	75
N27152	404
N27172	1021
N27173	930
N27185	884
N27190	334
N27191	777
N27197	48
N271AA	408
N271AY	62
N271LV	153
N271WN	142
N271YV	1210
N27200	281
N27205	330
N27213	341
N27239	382
N272AT	451
N272AY	48
N272WN	347
N27314	875
N27318	1028
N273AE	120
N273AT	369
N273AY	68
N273JB	323
N273MQ	2
N273WN	359
N274	1
N27421	57
N274AA	475
N274AY	52
N274JB	322
N274WN	327
N27506	305
N27512	329
N27523	353
N275AA	121
N275AY	55
N275WN	332
N27610	345
N276AA	128
N276AT	388
N276AY	67
N276WN	306
N27722	255
N27724	253
N27733	270
N27734	289
N277AY	47
N277WN	308
N278AA	435
N278AT	375
N278AY	52
N278WN	336
N27962	648
N279AA	420
N279AT	348
N279JB	287
N279WN	339
N280	13
N280WN	327
N281AT	330
N281JB	272
N281WN	335
N282WN	322
N283AA	451
N283AT	345
N283BR	1
N283JB	251
N283WN	288
N284	5
N284AT	310
N284JB	212
N284WN	272
N284YV	1240
N28518	368
N28529	366
N285AA	107
N285AT	301
N285WN	279
N286	106
N286AA	122
N286AE	405
N286AT	274
N286WN	413
N287AA	471
N287AT	318
N287WN	303
N288AA	123
N288AT	284
N288JB	159
N288SW	1352
N288WN	293
N289AA	448
N289AT	304
N289BR	1
N289CT	243
N289JB	197
N289WN	56
N289YV	1170
N290AA	392
N290AT	291
N290JB	134
N290SW	1318
N290WN	260
N29124	221
N29129	177
N291AA	484
N291AT	297
N291BR	1
N291SW	1005
N291WN	259
N292AA	455
N292AT	283
N292BR	1
N292JB	116
N292SW	1299
N292UX	1266
N292WN	260
N293	209
N293AA	496
N293SW	1336
N293WN	56
N294AA	123
N294JB	104
N294SW	1346
N294WN	284
N29515	313
N295AA	117
N295AT	246
N295SW	1449
N295UX	1310
N295WN	219
N296AA	174
N296AT	242
N296JB	40
N296SW	998
N296WN	250
N29717	232
N297AA	455
N297SW	1138
N297WN	250
N298AA	486
N298AE	237
N298SW	1111
N298WN	201
N299	8
N29906	604
N29917	629
N299AT	212
N299SW	1155
N299WN	241
N2AEMQ	2
N300AT	227
N300AU	234
N300SW	1155
N301AE	405
N301DL	181
N301DQ	22
N301NB	476
N301SW	1181
N301TZ	152
N301UA	632
N301US	704
N301YV	1061
N302AS	650
N302AW	754
N302DL	221
N302DQ	36
N302NB	512
N302SW	1235
N302TZ	10
N302UA	572
N302US	99
N302WA	67
N303AS	707
N303AW	659
N303DL	235
N303DQ	23
N303NB	131
N303SW	1199
N303UA	621
N303US	731
N303WA	80
N30401	385
N304AE	170
N304DL	167
N304DQ	32
N304NB	132
N304SW	1200
N304TZ	184
N304UA	648
N304US	763
N304WA	31
N305AE	8
N305AS	647
N305AW	739
N305DL	205
N305NB	133
N305SW	1232
N305TZ	140
N305UA	603
N305US	705
N305WA	120
N306AS	659
N306AW	625
N306DL	152
N306NB	122
N306SW	1173
N306UA	684
N306US	161
N306WA	118
N307AE	120
N307AS	703
N307AT	252
N307AW	677
N307DL	87
N307NB	126
N307SW	1237
N307TZ	1
N307UA	615
N307US	201
N307WA	114
N308AT	203
N308AW	612
N308DL	237
N308NB	75
N308SA	615
N308SW	1740
N308TZ	138
N308UA	605
N308US	204
N308WA	103
N309AS	669
N309AT	223
N309AW	696
N309DL	209
N309NB	127
N309SW	1243
N309TZ	8
N309UA	616
N309US	724
N309WA	54
N310	630
N310DA	141
N310NB	124
N310NW	765
N310SW	511
N310TZ	157
N310UA	645
N311	691
N31131	426
N311AT	220
N311AW	611
N311DL	224
N311NB	114
N311SW	537
N311TZ	2
N311UA	629
N311US	695
N311WA	95
N312	625
N312AT	207
N312AW	544
N312DL	20
N312NB	117
N312SW	565
N312TZ	4
N312UA	573
N312US	689
N312WA	95
N313	616
N313AE	311
N313AT	210
N313AW	656
N313DL	26
N313MQ	7
N313SW	587
N313TZ	6
N313UA	637
N313US	692
N313WA	106
N31412	424
N314AW	775
N314DA	223
N314NB	553
N314SW	1109
N314TZ	175
N314UA	600
N314US	766
N315AS	656
N315AT	203
N315AW	746
N315DL	34
N315NB	513
N315SW	1244
N315TZ	159
N315UA	580
N315US	788
N316AT	188
N316AW	627
N316DL	44
N316NB	554
N316SW	1194
N316TZ	11
N316US	733
N317AE	336
N317AS	648
N317AT	144
N317CA	985
N317DL	92
N317MQ	6
N317NB	628
N317SW	575
N317TZ	146
N317US	793
N317WN	429
N318	701
N318AS	646
N318AT	172
N318DL	87
N318NB	507
N318SW	585
N318TZ	153
N318UA	587
N318US	772
N319	605
N319AA	333
N319AS	571
N319DL	228
N319NB	532
N319SW	232
N319TZ	136
N319UA	4
N319US	738
N320	740
N320AA	285
N320AE	97
N320AS	641
N320DL	78
N320NB	560
N320SW	284
N320TZ	8
N320UA	13
N320US	706
N321	687
N321AA	336
N321DL	106
N321NB	569
N321SW	318
N321TZ	154
N321UA	19
N321US	742
N322	743
N322AA	316
N322AW	746
N322DL	108
N322NB	576
N322SW	279
N322TZ	12
N322UA	2
N322US	682
N323	726
N323AA	263
N323AE	402
N323AS	608
N323AW	144
N323DL	101
N323MQ	6
N323NB	504
N323SW	617
N323TZ	149
N323UA	9
N323US	733
N324	682
N32404	350
N324AA	312
N324AE	513
N324AW	142
N324DL	200
N324MQ	11
N324NB	532
N324SW	603
N324TZ	44
N324UA	11
N324US	710
N325	801
N325AA	294
N325AW	210
N325DL	107
N325NB	504
N325SW	572
N325TZ	66
N325UA	641
N325US	778
N326	613
N32626	376
N326AT	142
N326AW	297
N326DL	176
N326NB	553
N326SW	514
N326TZ	52
N326UA	658
N326US	855
N327	639
N327AA	313
N327AW	117
N327DL	103
N327NB	550
N327NW	780
N327SW	499
N327TZ	48
N327UA	614
N328AA	369
N328AT	181
N328AW	221
N328NB	493
N328NW	771
N328SW	1251
N328TZ	43
N328UA	623
N329AA	327
N329AE	459
N329AT	143
N329DL	217
N329NB	517
N329NW	745
N329SW	1265
N329TZ	34
N329UA	558
N3301	62
N330AA	94
N330AE	20
N330AT	160
N330DL	186
N330NB	518
N330NW	826
N330SW	1218
N330TZ	52
N330UA	641
N331	697
N33103	218
N33132	211
N33182	329
N331AT	134
N331AW	298
N331CA	1124
N331DL	116
N331NB	538
N331NW	782
N331SW	542
N331TZ	71
N331UA	562
N332	674
N33203	381
N33209	356
N3322L	39
N3324L	782
N33262	373
N33264	311
N33266	308
N33284	301
N33286	310
N33289	343
N33292	324
N33294	308
N332AA	344
N332AW	752
N332DL	127
N332NB	570
N332NW	756
N332SW	450
N332TZ	60
N332UA	626
N333	679
N333NB	529
N333NW	768
N333SW	570
N333TZ	87
N333UA	679
N334	750
N334AW	694
N334DL	116
N334NB	552
N334NW	749
N334SW	515
N334UA	677
N334US	253
N335	671
N335AA	309
N335AW	386
N335NB	588
N335NW	716
N335SW	555
N335UA	674
N335US	303
N336	755
N33608	349
N33637	333
N336AA	321
N336AT	94
N336AW	200
N336NB	603
N336NW	795
N336SW	584
N336UA	613
N337	731
N33714	278
N337AT	83
N337NB	573
N337NW	785
N337SW	516
N337UA	635
N338	720
N338AA	331
N338AT	72
N338NB	512
N338NW	855
N338SW	543
N338UA	613
N339	709
N339AA	312
N339NB	515
N339NW	786
N339SW	516
N339UA	641
N340	632
N340CA	966
N340LV	537
N340NB	565
N340NW	775
N340RC	413
N340UA	651
N340US	272
N341	691
N34110	483
N34111	460
N34131	166
N34137	222
N341NB	522
N341NW	741
N341SW	482
N341UA	562
N342	666
N34222	371
N34282	362
N342AA	151
N342NB	551
N342NW	786
N342SW	516
N342UA	577
N343	702
N34315	54
N343AA	127
N343NB	550
N343NW	735
N343SW	510
N343UA	101
N344	620
N344AA	118
N344AT	53
N344NB	574
N344NW	743
N344SW	533
N345	625
N345AA	110
N345NB	553
N345NW	714
N345SA	487
N345SB	31
N346	650
N346AA	119
N346NB	562
N346NW	153
N346SW	519
N346UA	635
N347	630
N347AA	133
N347NB	519
N347NW	741
N347SW	553
N347UA	594
N348	628
N348AA	137
N348AT	21
N348NB	533
N348NW	827
N348SW	534
N348UA	681
N349	652
N349AA	120
N349NB	535
N349NW	778
N349SW	529
N349UA	622
N34CA	830
N350	683
N350AA	104
N350NA	752
N350NB	348
N350SW	557
N350UA	579
N350US	116
N351	678
N351AA	129
N351NB	505
N351NW	788
N351SW	516
N351UA	677
N352	642
N35204	344
N35260	332
N35271	311
N352AA	135
N352NB	496
N352NW	709
N352SW	478
N352UA	15
N352US	199
N353	628
N353AA	144
N353NB	507
N353NW	742
N353SW	478
N353US	208
N354	661
N35407	413
N354AA	131
N354CA	1010
N354NB	567
N354NW	671
N354SW	526
N354US	226
N355	635
N355AA	126
N355CA	1018
N355NB	573
N355NW	809
N355SW	473
N355US	228
N356	657
N356AA	118
N356NB	420
N356NW	779
N356SW	361
N356US	203
N357	645
N357AA	109
N357NB	492
N357NW	740
N357SW	495
N358	689
N358AA	121
N358NB	502
N358NW	748
N358SW	480
N359	655
N359AA	126
N359NB	526
N359NW	747
N359SW	495
N360	615
N360AA	132
N360NB	565
N360NW	736
N360SW	503
N361	652
N361AA	143
N361NB	528
N361NW	787
N361SW	493
N362	670
N36207	373
N36247	354
N36272	367
N36280	320
N362AA	156
N362NB	486
N362NW	769
N362SW	463
N362UA	16
N363	670
N363AA	137
N363NB	506
N363NW	733
N363SW	459
N363UA	16
N364	635
N364AA	121
N364NB	538
N364NW	707
N364SW	507
N364UA	590
N365	676
N365AA	135
N365NB	535
N365NW	779
N365SW	503
N365UA	594
N366	657
N366AA	129
N366NB	575
N366NW	725
N366SW	504
N366UA	684
N367	657
N367AA	133
N367CA	965
N367NB	321
N367NW	723
N367SW	491
N367UA	681
N368	671
N368AA	154
N368CA	978
N368NB	511
N368NW	756
N368SW	527
N369	541
N36915	555
N369AA	116
N369CA	981
N369NB	496
N369NW	729
N369SW	466
N369UA	698
N370	600
N37018	5
N370AA	115
N370AM	105
N370NB	500
N370NW	744
N370SW	512
N370UA	613
N371	674
N37178	697
N371AA	141
N371AE	79
N371CA	996
N371DA	380
N371NB	581
N371NW	710
N371SW	534
N371UA	640
N371US	92
N372	609
N37208	1033
N37218	463
N37228	439
N37252	339
N37253	366
N37255	326
N37263	313
N37267	312
N37273	353
N37274	317
N37277	326
N37281	307
N37287	343
N37290	358
N37293	337
N37298	313
N372AA	163
N372DA	365
N372NB	301
N372NW	686
N372SW	524
N372UA	577
N373	633
N3730B	383
N3731T	371
N3732J	407
N3733Z	374
N37342	1170
N3734B	409
N3735D	412
N3736C	416
N3737C	391
N3738B	365
N3739	314
N3739P	48
N373AA	133
N373AE	130
N373DA	421
N373DL	164
N373NB	314
N373NW	788
N373SW	487
N373UA	659
N373US	182
N37408	420
N37409	382
N3740C	395
N37413	103
N37419	80
N3741S	329
N37420	73
N37422	64
N37427	22
N3742C	318
N3743H	395
N3744D	323
N3745B	382
N3746H	366
N3747D	353
N3748Y	349
N3749D	330
N374AA	124
N374AE	230
N374CA	909
N374DA	345
N374DL	144
N374NB	326
N374NW	777
N374SW	1094
N374UA	636
N374US	149
N375	678
N3750D	380
N3751B	324
N3752	331
N3753	351
N3754A	328
N3755D	357
N3756	286
N3757D	338
N3758Y	324
N3759	360
N375AA	149
N375AE	115
N375DA	374
N375DL	193
N375NB	315
N375NC	700
N375SW	488
N375UA	707
N375US	231
N376	743
N3760C	343
N37615	437
N3761R	354
N3762Y	353
N3763D	329
N3764D	320
N3765	369
N3766	354
N3767	328
N3768	383
N3769L	337
N376AA	139
N376AE	233
N376CA	1075
N376DA	381
N376DL	202
N376NB	185
N376NW	750
N376SW	519
N376UA	663
N376US	164
N37700	302
N3771K	312
N377AA	153
N377DA	367
N377NB	214
N377NW	665
N377UA	712
N378AA	154
N378CA	986
N378DA	388
N378NW	772
N378SW	1269
N378UA	656
N379AA	121
N379CA	1058
N379DA	332
N379DL	12
N379SW	1164
N379UA	657
N380AA	137
N380AE	122
N380DA	343
N380DL	10
N380SW	1157
N380UA	49
N381AA	140
N381AE	228
N381DA	309
N381DL	36
N381DN	49
N381UA	699
N38257	380
N38268	331
N382AA	131
N382AE	124
N382DA	347
N382DL	32
N382SW	1184
N382UA	665
N383AA	121
N383AE	282
N383DN	334
N383SW	1208
N383UA	635
N383US	192
N38403	362
N38417	100
N38424	43
N384AA	123
N384AE	401
N384DA	403
N384SW	1150
N384US	165
N385AA	123
N385DN	381
N385SW	1122
N385UA	605
N385US	129
N386AA	129
N386AE	223
N386DA	321
N386SW	1037
N386UA	712
N38727	280
N387AA	129
N387AE	190
N387DA	371
N387SW	1137
N387UA	39
N387US	118
N388AA	153
N388AE	219
N388DA	330
N388SW	1167
N388UA	56
N389AA	100
N389AE	158
N389DA	341
N389SW	1190
N389UA	18
N389US	167
N390AA	144
N390AE	189
N390CA	1125
N390DA	338
N390SW	1165
N390UA	33
N390US	92
N391AA	112
N391AE	267
N391CA	1008
N391DA	363
N391SW	1185
N391UA	22
N391US	172
N39297	306
N392AA	134
N392AE	184
N392DA	355
N392SW	1152
N392UA	28
N392US	146
N39343	363
N393AA	124
N393AE	239
N393DA	342
N393SW	1224
N393UA	2
N393US	197
N39415	96
N39416	80
N39418	79
N39423	56
N394AA	125
N394AE	329
N394DA	355
N394DL	33
N394SW	1220
N394UA	4
N394US	213
N395AA	124
N395DN	396
N395SW	1140
N395UA	11
N395US	176
N396AA	135
N396AE	237
N396DA	428
N396SW	1182
N396UA	9
N396US	205
N39726	293
N39728	254
N397AA	122
N397AE	259
N397DA	402
N397SW	1214
N397UA	12
N397US	171
N398AA	130
N398AM	211
N398CA	1058
N398DA	403
N398SW	1207
N398UA	672
N399AA	140
N399DA	438
N399UA	707
N399WN	1186
N3AAAA	439
N3ABAA	427
N3ACAA	428
N3ADAA	411
N3AEAA	391
N3AFAA	442
N3AGAA	402
N3AHAA	435
N3AJAA	449
N3AKAA	429
N3ALAA	431
N3AMAA	399
N3ANAA	511
N3APAA	469
N3ARAA	400
N3ASAA	460
N3ATAA	477
N3AUAA	417
N3AVAA	441
N3AWAA	461
N3AXAA	470
N3AYAA	472
N3BAAA	425
N3BBAA	418
N3BCAA	423
N3BDAA	416
N3BEAA	364
N3BFAA	416
N3BGAA	444
N3BHAA	396
N3BJAA	430
N3BKAA	421
N3BLAA	377
N3BMAA	462
N3BNAA	383
N3BPAA	375
N3BRAA	419
N3BSAA	398
N3BTAA	406
N3BUAA	417
N3BVAA	432
N3BWAA	427
N3BXAA	430
N3BYAA	431
N3CAAA	395
N3CBAA	439
N3CCAA	430
N3CDAA	425
N3CEAA	450
N3CFAA	487
N3CGAA	394
N3CHAA	446
N3CJAA	407
N3CKAA	401
N3CLAA	383
N3CMAA	435
N3CNAA	383
N3CPAA	375
N3CRAA	469
N3CSAA	449
N3CTAA	389
N3CUAA	410
N3CVAA	445
N3CWAA	410
N3CXAA	395
N3CYAA	407
N3DAAA	441
N3DBAA	412
N3DCAA	424
N3DDAA	401
N3DEAA	437
N3DFAA	427
N3DGAA	399
N3DHAA	376
N3DJAA	424
N3DKAA	408
N3DLAA	443
N400	415
N400AA	463
N400BR	320
N400MJ	143
N400WN	418
N401	393
N401AA	496
N401EA	1159
N401MJ	205
N401TZ	126
N401UA	436
N401WN	345
N402	406
N402AA	399
N402BR	1
N402TZ	158
N402UA	446
N402WN	440
N403	455
N403AA	458
N403CA	714
N403SW	907
N403TZ	126
N403UA	490
N403WN	436
N404	413
N404AA	379
N404UA	525
N404US	724
N404WN	444
N405	426
N405AA	443
N405SW	770
N405UA	446
N405US	768
N405WN	381
N406	377
N406AA	430
N406SW	771
N406UA	413
N406US	802
N406WN	393
N407	432
N407AA	444
N407SW	769
N407UA	422
N407WN	415
N408	465
N408AA	440
N408CA	703
N408SW	685
N408UA	416
N408WN	370
N409	438
N409AA	455
N409CA	660
N409SW	741
N409UA	434
N409US	805
N409WN	422
N410	395
N410AA	472
N410SW	646
N410UA	491
N410WN	371
N411	452
N41104	458
N41135	193
N41140	182
N411AA	471
N411SW	635
N411UA	466
N411WN	366
N412	385
N412AA	474
N412SW	824
N412UA	484
N412WN	379
N413	401
N413AA	462
N413SW	781
N413UA	466
N413WN	386
N414	435
N414AA	461
N414UA	625
N414WN	416
N415	438
N415AA	472
N415UA	509
N415WN	382
N416	432
N416AA	450
N416CA	531
N416SW	699
N416UA	491
N416WN	426
N417	404
N417AA	453
N417SW	984
N417UA	547
N417US	780
N417WN	355
N418	451
N418AA	439
N418SW	648
N418UA	551
N418US	734
N418WN	422
N419	416
N419AA	492
N419UA	575
N419US	795
N419WN	376
N420	405
N420AA	424
N420CA	733
N420UA	503
N420US	775
N420WN	418
N421	467
N421AA	474
N421LV	408
N421UA	588
N421US	830
N422	389
N422AA	468
N422UA	538
N422US	780
N422WN	424
N423	374
N423AA	451
N423SW	655
N423UA	536
N423US	771
N423WN	404
N424	415
N424AA	427
N424UA	588
N424US	757
N424WN	416
N425	385
N425AA	485
N425LV	443
N425UA	501
N425US	769
N426	440
N426AA	443
N426SW	651
N426UA	542
N426US	745
N426WN	376
N427	413
N427AA	428
N427CA	780
N427SW	695
N427UA	513
N427US	840
N427WN	415
N428	418
N428AA	460
N428UA	573
N428WN	431
N429	382
N429AA	414
N429SW	580
N429UA	515
N429WN	364
N430	411
N430AA	447
N430CA	758
N430SW	652
N430UA	533
N430US	784
N430WN	376
N431	398
N431AA	526
N431CA	80
N431SW	675
N431UA	511
N431WN	370
N432	403
N432AA	519
N432SW	655
N432UA	524
N432US	699
N432WN	382
N433	429
N433AA	436
N433LV	393
N433SW	637
N433UA	520
N433US	806
N434	388
N434AA	441
N434UA	524
N434US	808
N434WN	382
N434YV	634
N435	369
N435AA	471
N435BR	2
N435CA	771
N435SW	618
N435UA	567
N435US	809
N435WN	413
N436	433
N436AA	407
N436CA	786
N436UA	507
N436US	70
N436WN	445
N436YV	638
N437	387
N437AA	428
N437SW	690
N437UA	509
N437US	75
N437WN	418
N437YV	921
N438	360
N438AA	436
N438SW	640
N438UA	638
N438US	767
N438WN	365
N439	407
N439AA	460
N439SW	677
N439UA	595
N439US	828
N439WN	391
N440	374
N440AA	467
N440LV	383
N440SW	594
N440UA	618
N440US	786
N441	402
N441AA	486
N441SW	663
N441UA	635
N441US	807
N441WN	384
N442	383
N442AA	496
N442CA	788
N442SW	675
N442UA	642
N442US	757
N442WN	415
N443	399
N443AA	448
N443CA	713
N443SW	685
N443UA	493
N443US	805
N443WN	403
N444	427
N444AA	454
N444UA	670
N444US	869
N444WN	335
N444YV	534
N445	360
N445AA	474
N445SW	626
N445UA	733
N445US	860
N445WN	383
N445YV	661
N446	384
N446AA	469
N446CA	726
N446SW	558
N446UA	658
N446US	167
N446WN	348
N446YV	649
N447	384
N447AA	491
N447CA	730
N447SW	624
N447UA	698
N447US	132
N447WN	373
N447YV	579
N448	358
N448AA	440
N448SW	625
N448UA	635
N448US	137
N448WN	403
N448YV	679
N449	420
N449AA	490
N449SW	641
N449UA	561
N449US	787
N449WN	397
N449YV	902
N450	357
N450AA	488
N450UW	569
N450WN	412
N451	430
N451AA	475
N451CA	670
N451UA	623
N451UW	582
N451WN	383
N452	398
N452AA	531
N452SW	679
N452UA	651
N452UW	514
N452WN	367
N453	371
N453AA	417
N453SW	648
N453UA	653
N453UW	524
N453WN	375
N454	454
N454AA	532
N454SW	620
N454UA	544
N454UW	605
N454WN	409
N454YV	678
N455	349
N455AA	518
N455CA	670
N455SW	666
N455UA	547
N455UW	533
N455WN	366
N455YV	600
N456	423
N456AA	422
N456UA	513
N456UW	541
N456WN	406
N456YV	677
N457	363
N457AA	461
N457CA	247
N457SW	613
N457UA	630
N457UW	565
N457WN	350
N458	379
N458AA	444
N458CA	223
N458UA	631
N458UW	625
N458WN	410
N459	370
N459AA	490
N459SW	644
N459UA	669
N459UW	600
N459WN	347
N460	388
N460AA	467
N460SW	646
N460UA	691
N460UW	572
N460WN	399
N461	367
N461AA	443
N461SW	595
N461UA	524
N461WN	370
N462	432
N462AA	461
N462UA	547
N462WN	411
N463	382
N463AA	448
N463SW	643
N463UA	535
N463WN	363
N464	438
N464AA	437
N464SW	631
N464UA	530
N464WN	394
N465	390
N465AA	536
N465SW	661
N465UA	673
N465WN	384
N466	418
N46625	400
N466AA	475
N466CA	197
N466SW	693
N466UA	482
N466WN	353
N467	411
N467AA	469
N467CA	248
N467UA	617
N467WN	354
N468	372
N468AA	502
N468CA	687
N468UA	499
N468WN	415
N469	440
N469AA	507
N469UA	681
N469WN	398
N470	410
N470AA	446
N470CA	238
N470UA	640
N470WN	356
N471	146
N471AA	474
N471CA	704
N471UA	541
N472	412
N47202	936
N47239	391
N472AA	496
N472CA	829
N472UA	524
N472WN	443
N473	397
N47332	390
N473AA	447
N473CA	289
N473UA	549
N473WN	395
N474	361
N47414	99
N474AA	467
N474UA	616
N474WN	399
N475	408
N475AA	456
N475HA	312
N475UA	646
N475WN	388
N476	380
N476AA	459
N476HA	375
N476UA	669
N476WN	421
N477	433
N477AA	523
N477CA	556
N477HA	340
N477UA	671
N477WN	411
N478	371
N478AA	446
N478CA	238
N478HA	317
N478UA	651
N478WN	418
N479	383
N479AA	479
N479CA	773
N479HA	329
N479UA	651
N479WN	420
N480	414
N480AA	437
N480HA	338
N480UA	596
N480WN	357
N481	396
N48127	248
N481AA	465
N481HA	336
N481UA	688
N481WN	360
N482	343
N482AA	483
N482BR	2
N482UA	647
N482WN	443
N483	385
N483AA	465
N483BR	1
N483CA	310
N483HA	67
N483UA	694
N483WN	394
N484	407
N484AA	466
N484CA	284
N484HA	381
N484UA	663
N484WN	397
N485	379
N485AA	497
N485HA	338
N485UA	671
N485WN	372
N486	373
N486AA	493
N486CA	298
N486HA	336
N486UA	680
N486WN	360
N487	412
N487AA	477
N487CA	640
N487HA	331
N487UA	695
N487WN	398
N488	370
N488AA	501
N488CA	281
N488UA	616
N488WN	408
N489	451
N48901	601
N489AA	471
N489BR	2
N489CA	285
N489HA	62
N489UA	619
N489WN	372
N490	400
N490AA	430
N490BR	1
N490HA	19
N490UA	568
N490WN	366
N491	409
N491AA	462
N491CA	316
N491UA	622
N491WN	409
N492	374
N492AA	490
N492CA	213
N492SW	207
N492UA	643
N492WN	376
N493	416
N493AA	475
N493UA	690
N493WN	368
N494	406
N494AA	451
N494CA	908
N494UA	672
N494WN	396
N495	420
N495AA	435
N495CA	863
N495UA	694
N495WN	400
N496	407
N496AA	460
N496CA	904
N496UA	703
N496WN	434
N497	434
N497AA	438
N497UA	606
N497WN	359
N498	375
N498AA	463
N498CA	872
N498UA	623
N498WN	354
N499	425
N499AA	477
N499WN	354
N4TEAA	156
N4TGAA	40
N4TKAA	114
N4TLAA	151
N4TUAA	135
N4TWAA	149
N4TXAA	79
N4TYAA	105
N4UAAA	107
N4UBAA	518
N4UCAA	524
N4UDAA	164
N4UEAA	158
N4UFAA	174
N4UGAA	148
N4UJAA	42
N4UKAA	51
N4WAAA	471
N4WBAA	498
N4WDAA	497
N4WEAA	56
N4WFAA	55
N4WGAA	40
N4WHAA	73
N4WJAA	488
N4WKAA	488
N4WLAA	438
N4WMAA	489
N4WNAA	502
N4WPAA	451
N4WRAA	508
N4WSAA	439
N4WTAA	488
N4WUAA	517
N4WVAA	474
N4WWAA	514
N4WXAA	476
N4WYAA	440
N4XAAA	544
N4XBAA	514
N4XCAA	488
N4XDAA	462
N4XEAA	494
N4XFAA	488
N4XGAA	447
N4XHAA	475
N4XJAA	473
N4XKAA	490
N4XLAA	486
N4XMAA	539
N4XNAA	516
N4XPAA	501
N4XRAA	508
N4XSAA	499
N4XTAA	432
N4XUAA	434
N4XVAA	504
N4XWAA	486
N4XXAA	424
N4XYAA	449
N4YAAA	490
N4YBAA	448
N4YCAA	470
N4YDAA	471
N4YEAA	495
N4YFAA	485
N4YGAA	478
N4YHAA	460
N4YJAA	495
N4YKAA	471
N4YLAA	493
N4YMAA	451
N4YNAA	487
N4YPAA	490
N4YRAA	473
N4YSAA	485
N4YTAA	437
N4YUAA	468
N500AE	890
N500MQ	87
N501	484
N501AA	453
N501BG	1103
N501MJ	772
N501MQ	60
N501SW	445
N501UA	473
N501US	788
N501UW	489
N502	538
N502AA	427
N502AE	1059
N502MJ	845
N502MQ	58
N502SW	548
N502UA	197
N502US	744
N502UW	403
N503	491
N503AA	499
N503AE	1001
N503JB	714
N503MJ	812
N503MQ	89
N503SW	493
N503UA	476
N503US	785
N503UW	444
N504	532
N504AA	549
N504AE	1002
N504AU	875
N504JB	664
N504MJ	881
N504MQ	52
N504SW	472
N504UA	491
N504US	791
N505	522
N505AA	431
N505AE	1090
N505AU	846
N505JB	707
N505MJ	843
N505MQ	63
N505SW	507
N505UA	194
N505US	766
N506	525
N506AA	520
N506AE	1041
N506AS	68
N506AU	921
N506CA	951
N506JB	681
N506MJ	850
N506MQ	66
N506SW	483
N506UA	505
N506US	721
N507	541
N507AA	483
N507AE	996
N507CA	964
N507JB	333
N507MJ	807
N507MQ	71
N507SW	454
N507UA	495
N507US	734
N508	493
N508AA	495
N508AE	997
N508AS	35
N508JB	298
N508MJ	831
N508MQ	65
N508SW	410
N508UA	170
N508US	711
N509	519
N509AA	430
N509AE	1073
N509JB	682
N509MJ	854
N509MQ	81
N509SW	489
N509UA	529
N509US	720
N510	507
N510AA	470
N510AE	1057
N510CA	753
N510JB	668
N510MJ	813
N510MQ	92
N510SW	479
N510UA	224
N511	530
N511AA	478
N511AE	1036
N511AU	777
N511MJ	830
N511MQ	66
N511SW	564
N511UA	441
N511US	721
N512	499
N512AA	488
N512AE	1022
N512AS	29
N512AU	867
N512MJ	836
N512MQ	82
N512SW	545
N512UA	189
N512US	740
N513	421
N513AA	508
N513AE	995
N513AS	30
N513AT	13
N513MJ	820
N513MQ	66
N513SW	452
N513UA	512
N513US	292
N514	557
N514AA	451
N514AE	932
N514AS	26
N514AT	100
N514AU	755
N514BR	1
N514CA	767
N514MJ	875
N514MQ	75
N514SW	498
N514UA	475
N514US	273
N515	552
N515AA	491
N515AE	1074
N515AT	16
N515AU	730
N515MJ	897
N515MQ	74
N515SW	459
N515UA	540
N515US	736
N516AA	434
N516AE	1035
N516AS	12
N516AU	867
N516JB	649
N516LR	687
N516MQ	71
N516UA	468
N516US	759
N517AA	450
N517AE	1044
N517AT	70
N517AU	881
N517JB	734
N517MQ	85
N517UA	203
N517US	723
N518AA	484
N518AE	1031
N518AT	102
N518AU	856
N518CA	744
N518LR	673
N518MQ	65
N518UA	213
N518US	761
N519	504
N519AA	488
N519AE	1054
N519AT	63
N519AU	136
N519JB	661
N519LR	684
N519MQ	70
N519SW	457
N519UA	458
N519US	700
N520	500
N520AA	458
N520AT	84
N520AU	126
N520BR	1
N520DC	1000
N520JB	693
N520MQ	62
N520SW	492
N520UA	512
N520US	762
N521	483
N521AA	449
N521AE	974
N521AU	128
N521JB	698
N521LR	476
N521MQ	68
N521SW	484
N521UA	483
N521US	830
N522	548
N522AA	472
N522AE	960
N522AT	86
N522AU	611
N522JB	451
N522LR	425
N522MQ	67
N522SW	443
N522UA	488
N522US	571
N523	553
N523AA	494
N523AE	977
N523AT	20
N523CA	651
N523JB	700
N523MQ	62
N523SW	413
N523UA	545
N523US	806
N524	497
N524AA	478
N524AE	951
N524AT	11
N524JB	678
N524MQ	49
N524SW	380
N524UA	458
N525	456
N525AA	474
N525AT	19
N525AU	637
N525SW	425
N525UA	166
N525US	453
N526	557
N52616	357
N526AA	503
N526AT	9
N526AU	789
N526CA	633
N526JB	335
N526SW	392
N526UA	489
N526US	736
N527	520
N527AA	439
N527AT	13
N527AU	820
N527JB	338
N527SW	449
N527UA	484
N527US	624
N528	493
N528AA	451
N528AT	22
N528AU	60
N528CA	659
N528JB	592
N528SW	429
N528UA	441
N528US	681
N529AA	531
N529AU	823
N529JB	607
N529UA	490
N529US	754
N530AA	458
N530AS	23
N530AU	843
N530UA	495
N530US	789
N531AA	516
N531AU	808
N531JB	294
N531UA	495
N531US	717
N532AA	462
N532AS	113
N532AU	864
N532UA	205
N532US	760
N533AA	453
N533AS	93
N533AU	790
N533CA	253
N533JB	440
N533UA	462
N533US	724
N534AA	468
N534JB	668
N534UA	523
N534US	751
N535AA	459
N535JB	639
N535UA	468
N535US	391
N536AA	465
N536JB	693
N536UA	552
N536US	316
N537AA	497
N537JB	564
N537UA	511
N537US	459
N538AA	509
N538CA	216
N538UA	485
N538US	368
N539AA	439
N539UA	545
N539US	271
N540AA	515
N540UA	468
N540US	179
N541AA	491
N541UA	491
N541US	494
N54241	379
N542AA	449
N542BR	1
N542JB	489
N542UA	466
N542US	221
N543AA	472
N543JB	590
N543UA	440
N543US	458
N544AA	459
N544JB	467
N544UA	447
N544US	208
N545AA	451
N545UA	415
N545US	257
N546AA	480
N546AS	577
N546JB	663
N546UA	431
N546US	68
N54711	232
N547AA	476
N547JB	622
N547UA	402
N547US	162
N548AA	481
N548AS	470
N548CA	240
N548JB	588
N548UA	365
N548US	371
N549AA	507
N549AS	594
N549AX	5
N549CA	188
N549UA	379
N549US	355
N550AA	448
N550JB	611
N550NW	520
N550TZ	45
N550UA	375
N550WN	337
N551	26
N551AA	477
N551AS	365
N551NW	731
N551TZ	23
N551UA	376
N551WN	284
N552AA	480
N552AS	382
N552JB	698
N552NW	695
N552TZ	56
N552UA	357
N553AA	460
N553AS	338
N553JB	600
N553NW	743
N553TZ	45
N553UA	519
N554AA	549
N554CA	176
N554JB	658
N554NW	655
N554TZ	57
N554UA	177
N555AA	471
N555NW	646
N555TZ	49
N555UA	189
N556AA	526
N556AS	531
N556JB	626
N556NW	578
N556TZ	20
N556UA	496
N557AA	466
N557AS	265
N557NW	784
N557TZ	63
N557UA	178
N558AA	530
N558AS	284
N558AU	120
N558JB	637
N558TZ	54
N558UA	488
N559AA	426
N559AS	151
N559JB	634
N559TZ	33
N559UA	491
N560AA	442
N560AS	159
N560AU	167
N560SW	1042
N560TZ	47
N560UA	162
N561AA	420
N561JB	623
N561SW	953
N561TZ	55
N561UA	451
N562AA	432
N562AS	173
N562JB	642
N562SW	1093
N562UA	517
N563AA	445
N563AS	181
N563JB	627
N563SW	811
N563UA	463
N563US	166
N564AA	399
N564AS	230
N564JB	664
N564SW	1006
N564UA	504
N565AA	418
N565AS	256
N565JB	664
N565SW	1058
N565UA	482
N566AA	423
N566AS	216
N566JB	618
N566SW	999
N566UA	555
N567AA	386
N567SW	920
N567UA	479
N56859	412
N568AA	426
N568AS	213
N568JB	636
N568SW	1044
N568UA	493
N569AA	407
N569AS	188
N569JB	664
N569SW	1004
N569UA	556
N57016	2
N570AA	397
N570AS	170
N570JB	631
N570ML	1001
N570UA	467
N57111	178
N571AA	497
N571JB	638
N571ML	886
N571UA	517
N572AA	450
N572UA	505
N573AA	505
N573UA	537
N573US	116
N574AA	478
N574UA	486
N574US	915
N575AA	458
N575UA	482
N575US	211
N576AA	406
N576SK	1
N576SW	1105
N576UA	470
N576US	73
N57734	36
N577AA	495
N577AS	182
N577BR	1
N577UA	494
N577US	808
N57852	359
N57855	393
N57857	383
N57861	67
N57863	379
N57864	341
N57868	368
N57869	346
N578AA	456
N578SW	1059
N578UA	447
N579AA	460
N579AS	188
N579JB	651
N579SW	1110
N579UA	498
N580AA	444
N580HA	426
N580JB	656
N580SW	1098
N580UA	472
N58101	167
N581AA	453
N581AS	183
N581HA	443
N581JB	606
N581NW	688
N581SW	1092
N581UA	489
N582AA	454
N582CA	185
N582HA	432
N582JB	711
N582NW	653
N582SW	1144
N582UA	476
N583AA	476
N583AS	124
N583HA	538
N583JB	627
N583NW	677
N583SW	1035
N583UA	468
N584AA	461
N584AS	118
N584HA	535
N584JB	751
N584NW	589
N584SW	881
N584UA	472
N584US	69
N585AA	475
N585AS	105
N585HA	556
N585JB	654
N585NW	661
N585SW	1095
N585UA	467
N585US	72
N58606	416
N586AA	476
N586AS	125
N586HA	545
N586JB	646
N586NW	616
N586SW	1113
N586UA	463
N586US	105
N58733	16
N587AA	448
N587AS	93
N587HA	420
N587JB	618
N587NW	680
N587SW	706
N587UA	472
N587US	65
N588AA	429
N588AS	124
N588HA	404
N588JB	642
N588NW	702
N588SW	772
N588UA	525
N588US	849
N589AA	435
N589AS	97
N589HA	439
N589JB	659
N589NW	672
N589SW	779
N589UA	392
N589US	801
N59053	64
N590AA	430
N590AS	76
N590HA	468
N590JB	637
N590NW	696
N590SW	721
N590UA	365
N590US	739
N591AA	472
N591HA	416
N591JB	632
N591ML	588
N591NW	648
N591SW	687
N591US	839
N592AA	412
N592AS	95
N592HA	438
N592JB	630
N592ML	948
N592NW	676
N592SW	605
N592UA	537
N592US	726
N59302	410
N59338	403
N593AA	449
N593AS	60
N593HA	439
N593JB	668
N593ML	914
N593NW	611
N593UA	440
N594AA	417
N594AS	81
N594HA	402
N594JB	678
N594NW	665
N594SW	763
N594UA	454
N595AA	418
N595JB	718
N595NW	629
N595SW	792
N595UA	409
N59630	324
N596AA	425
N596AS	69
N596HA	381
N596NW	687
N596UA	384
N597AA	458
N597AS	81
N597HA	273
N597JB	637
N597SW	770
N597UA	370
N598AA	462
N598HA	308
N598JB	639
N598UA	339
N599AA	437
N599JB	623
N5BRAA	431
N5BSAA	441
N5BTAA	475
N5BUAA	459
N5BVAA	466
N5BWAA	431
N5BYAA	405
N5CAAA	452
N5CBAA	415
N5CCAA	428
N5CDAA	427
N5CEAA	448
N5CFAA	413
N5CGAA	399
N5CHAA	441
N5CJAA	397
N5CKAA	417
N5CLAA	448
N5CMAA	441
N5CNAA	461
N5CPAA	405
N5CRAA	440
N5CSAA	434
N5CTAA	436
N5CUAA	400
N5CVAA	388
N5CWAA	423
N5CXAA	398
N5CYAA	433
N5DAAA	452
N5DBAA	427
N5DCAA	467
N5DDAA	417
N5DEAA	370
N5DFAA	407
N5DGAA	406
N5DHAA	433
N5DJAA	419
N5DKAA	356
N5DLAA	452
N5DMAA	409
N5DNAA	440
N5DPAA	429
N5DRAA	366
N5DSAA	422
N5DTAA	429
N5DUAA	427
N5DVAA	475
N5DWAA	447
N5DXAA	454
N5DYAA	407
N5EAAA	479
N5EBAA	378
N5ECAA	375
N5EDAA	425
N5EEAA	414
N5EFAA	426
N5EGAA	442
N5EHAA	428
N5EJAA	462
N5EKAA	424
N5ELAA	477
N5EMAA	447
N5ENAA	424
N5EPAA	433
N5ERAA	415
N5ESAA	392
N5ETAA	367
N5EUAA	357
N5EVAA	386
N5EWAA	366
N5EXAA	380
N5EYAA	376
N5FAAA	403
N5FBAA	357
N5FCAA	404
N5FDAA	370
N5FEAA	409
N5FFAA	425
N5FGAA	450
N5FHAA	384
N5FJAA	444
N5FKAA	379
N5FLAA	390
N5FMAA	380
N5FNAA	385
N5FPAA	407
N5FRAA	393
N5FSAA	421
N5FTAA	441
N5TAAA	235
N5TBAA	337
N5TCAA	330
N5TDAA	329
N5TEAA	398
N5TFAA	342
N5TGAA	328
N5TJAA	379
N5TKAA	366
N5TLAA	397
N5TMAA	363
N5TNAA	386
N5TSAA	381
N5TTAA	379
N5TUAA	379
N5TXAA	396
N5TYAA	305
N5WAAA	305
N5WEAA	340
N600AU	359
N600TR	1101
N600WN	1121
N601AU	260
N601AW	648
N601DL	469
N601NW	599
N601WN	1242
N602AU	295
N602AW	622
N602DL	538
N602NW	592
N602SW	1149
N60312	77
N603AT	610
N603AU	319
N603AW	610
N603DL	500
N603JB	598
N603NW	591
N603SK	646
N603SW	1225
N603UA	9
N604AT	536
N604AU	305
N604AW	696
N604DL	483
N604NW	570
N604SK	628
N604SW	1199
N605AU	273
N605AW	683
N605DL	449
N605JB	557
N605NW	563
N605SW	1182
N606AU	323
N606DL	403
N606JB	555
N606NW	606
N606SK	661
N606SW	1162
N607AS	685
N607AU	313
N607DL	443
N607JB	574
N607NW	617
N607SK	615
N607SW	1068
N608AU	300
N608DA	490
N608JB	575
N608NW	605
N608SK	632
N608SW	1110
N609AS	573
N609AU	325
N609DL	493
N609NW	597
N609SK	549
N609SW	1069
N610AA	435
N610AE	857
N610AU	338
N610DL	482
N610MQ	47
N610NW	623
N610SW	622
N610WN	579
N611AA	404
N611AE	915
N611AS	637
N611AU	383
N611DL	452
N611MQ	43
N611NA	678
N611QX	1
N611SK	469
N611SW	1082
N612AA	420
N612AE	895
N612AS	573
N612AU	287
N612DL	473
N612JB	554
N612MQ	46
N612NW	484
N612SW	1038
N61304	413
N613AA	420
N613AE	883
N613AS	615
N613AU	295
N613DL	575
N613JB	523
N613MQ	37
N613NW	751
N613SK	366
N613SW	1121
N614AA	443
N614AE	865
N614AS	580
N614AU	285
N614DL	500
N614MQ	46
N614NW	223
N614SK	450
N614SW	1082
N615AA	446
N615AE	838
N615AS	612
N615DL	581
N615JB	572
N615MQ	39
N615NW	230
N615SW	1144
N616AA	451
N616AE	904
N616DL	516
N616MQ	71
N616NW	193
N616SW	1137
N617AA	442
N617AE	924
N617AS	562
N617AU	307
N617DL	569
N617MQ	42
N617NW	404
N617SW	1110
N617UA	13
N618AA	395
N618AE	832
N618AS	645
N618DL	480
N618JB	560
N618MQ	53
N618NW	191
N618WN	1125
N619AA	454
N619AE	1016
N619AS	670
N619AU	396
N619AW	769
N619DL	494
N619MQ	62
N619NW	190
N619SW	1147
N619UA	1
N620AA	440
N620AE	834
N620AU	361
N620AW	873
N620BR	112
N620DL	330
N620MQ	49
N620NW	475
N620SW	1109
N620UA	16
N621AA	500
N621AE	837
N621AU	344
N621AW	867
N621BR	127
N621DL	540
N621JB	494
N621MQ	45
N621NW	205
N621SW	1114
N622AA	428
N622AE	943
N622AS	556
N622AU	375
N622AW	733
N622BR	163
N622DL	507
N622MQ	55
N622NW	508
N622SW	1062
N623AA	479
N623AE	916
N623AS	523
N623AU	432
N623BR	89
N623DL	490
N623JB	488
N623MQ	46
N623NW	175
N623SW	1084
N623US	1
N624AA	433
N624AE	862
N624AS	567
N624AU	361
N624AW	774
N624BR	125
N624DL	487
N624JB	477
N624MQ	44
N624SW	1037
N624US	1
N625AA	399
N625AE	873
N625AS	587
N625AU	389
N625AW	780
N625BR	117
N625CA	964
N625DL	463
N625JB	448
N625MQ	37
N625SW	1073
N62631	391
N626AA	407
N626AE	877
N626AS	568
N626AU	399
N626AW	670
N626BR	115
N626DL	485
N626MQ	54
N626SW	1194
N627AA	407
N627AE	879
N627AS	552
N627AU	327
N627AW	687
N627BR	151
N627DL	452
N627JB	453
N627MQ	59
N627SW	1069
N628AA	453
N628AE	902
N628AU	366
N628AW	802
N628BR	129
N628DL	508
N628MQ	56
N628SW	1126
N629AA	461
N629AE	869
N629AS	302
N629AU	368
N629AW	804
N629BR	502
N629DL	524
N629JB	466
N629MQ	35
N629SW	1190
N630AA	404
N630AE	906
N630AS	1525
N630AU	344
N630BR	134
N630DL	547
N630JB	449
N630MQ	48
N630WN	1140
N631AA	423
N631AE	789
N631AS	1487
N631AU	304
N631AW	760
N631BR	143
N631DL	478
N631MQ	49
N631SW	1225
N632AA	410
N632AE	819
N632AS	1403
N632AU	306
N632AW	810
N632BR	131
N632DL	471
N632JB	399
N632MQ	45
N632SW	1148
N63305	410
N633AA	446
N633AE	849
N633AS	1477
N633AU	319
N633AW	794
N633BR	123
N633DL	443
N633JB	383
N633MQ	46
N633SW	1189
N634AA	458
N634AE	888
N634AS	1456
N634AW	741
N634BR	139
N634DL	513
N634JB	386
N634MQ	39
N634SW	1125
N635AA	455
N635AE	807
N635AS	1357
N635BR	5
N635DL	464
N635JB	365
N635MQ	46
N635SW	1118
N636AA	424
N636AE	807
N636AS	1447
N636AW	762
N636BR	140
N636DL	467
N636JB	322
N636MQ	45
N636WN	1126
N637AA	471
N637AE	826
N637AS	1439
N637AW	800
N637BR	127
N637DL	444
N637JB	343
N637MQ	40
N637SW	1111
N638AA	467
N638AE	925
N638AW	95
N638BR	110
N638DL	486
N638JB	370
N638MQ	51
N638SW	1087
N639AA	447
N639AE	843
N639AW	145
N639BR	124
N639DL	484
N639JB	321
N639MQ	55
N639SW	1244
N640AA	452
N640AE	931
N640AS	1497
N640AW	676
N640BR	136
N640DL	415
N640JB	338
N640MQ	51
N640SW	1185
N641AA	466
N641AE	891
N641AS	1407
N641BR	121
N641CA	1040
N641DL	464
N641JB	337
N641MQ	56
N641SW	1130
N641UA	122
N642AA	416
N642AE	890
N642AS	1413
N642AW	683
N642BR	155
N642CA	973
N642DL	530
N642MQ	45
N642UA	125
N642UW	19
N642WN	1107
N643AA	427
N643AE	879
N643AS	1491
N643BR	131
N643DL	557
N643JB	262
N643MQ	38
N643SW	1045
N643UA	118
N643UW	22
N644AE	852
N644AS	567
N644AW	841
N644BR	125
N644DL	529
N644JB	355
N644MQ	37
N644SW	1016
N644UA	148
N644UW	16
N645AE	931
N645AS	334
N645AW	234
N645BR	132
N645DL	570
N645JB	301
N645MQ	38
N645SW	1167
N645UA	4
N645US	122
N646AE	831
N646AW	207
N646BR	538
N646DL	523
N646JB	302
N646MQ	33
N646SW	1214
N646UA	143
N646US	100
N647AE	863
N647AS	581
N647AW	642
N647BR	121
N647DL	531
N647MQ	44
N647SW	1123
N647UA	112
N648AE	834
N648AS	550
N648AW	653
N648BR	137
N648DL	548
N648JB	296
N648MQ	35
N648SW	1224
N648UA	115
N648US	105
N649AS	563
N649AW	639
N649BR	794
N649DL	478
N649JB	283
N649MQ	42
N649PP	806
N649SW	1184
N649UA	120
N649US	137
N650AE	780
N650AW	703
N650BR	136
N650DL	471
N650ML	956
N650MQ	22
N650SW	1187
N650UA	6
N650US	85
N651AE	866
N651AW	650
N651BR	498
N651DL	491
N651JB	315
N651ML	1031
N651MQ	44
N651SW	1068
N651UA	112
N651US	131
N652AW	696
N652BR	147
N652DL	464
N652JB	245
N652ML	19
N652MQ	44
N652RS	816
N652SW	1153
N652UA	98
N652US	141
N653AE	808
N653AW	626
N653BR	136
N653CA	975
N653DL	431
N653JB	217
N653ML	506
N653MQ	28
N653SW	1164
N653UA	112
N653US	138
N654AE	822
N654AW	637
N654BR	529
N654DL	464
N654MQ	46
N654SW	1096
N654UA	113
N655AE	780
N655AW	647
N655BR	377
N655CA	1014
N655DL	517
N655JB	219
N655MQ	41
N655UA	121
N655US	98
N655WN	1081
N656AE	802
N656AW	622
N656BR	136
N656CA	951
N656DL	531
N656JB	235
N656MQ	34
N656SW	1235
N656UA	100
N656US	116
N657AE	856
N657AW	656
N657BR	148
N657DL	520
N657JB	196
N657MQ	50
N657SW	1179
N657UA	121
N658AE	846
N658AW	647
N658BR	50
N658CA	959
N658DL	563
N658JB	192
N658MQ	58
N658SW	1212
N658UA	121
N659AE	853
N659AW	727
N659BR	480
N659CA	1102
N659DL	548
N659JB	211
N659MQ	49
N659SW	1336
N659UA	112
N66051	71
N66056	75
N66057	79
N660AW	681
N660BR	130
N660CL	862
N660DL	503
N660MQ	38
N660SW	1256
N660UA	109
N661AW	659
N661BR	38
N661DN	486
N661JA	856
N661JB	160
N661MQ	53
N661SW	1213
N661UA	131
N662AW	662
N662BR	119
N662DN	439
N662EH	848
N662JB	138
N662MQ	43
N662SW	1143
N662UA	134
N663AR	742
N663AW	649
N663BR	110
N663DN	470
N663JB	120
N663MQ	36
N663SW	1211
N663UA	112
N664AW	628
N664BR	75
N664DN	445
N664MQ	39
N664MS	939
N664UA	430
N664WN	1107
N665AW	624
N665BC	823
N665BR	132
N665DN	561
N665JB	134
N665MQ	35
N665UA	391
N665US	1
N665WN	1275
N666DN	515
N666UA	398
N666US	3
N667AW	631
N667BR	154
N667DN	534
N667GB	913
N667MQ	49
N667SW	800
N667UA	396
N668AW	594
N668BR	41
N668CA	957
N668DN	462
N668HH	836
N668MQ	36
N668UA	388
N669AW	579
N669BR	29
N669CA	969
N669DN	485
N669MB	784
N669MQ	42
N669SW	1103
N669UA	404
N6700	464
N6701	446
N6702	494
N6703D	407
N6704Z	476
N67052	58
N67058	60
N6705Y	483
N6706Q	525
N6707A	504
N6708D	500
N6709	456
N670AE	814
N670AW	87
N670BR	50
N670DN	449
N670MC	1110
N670MQ	38
N670SW	1036
N670UA	388
N670US	55
N6710E	464
N6711M	429
N6712B	496
N67134	157
N6713Y	419
N6714Q	487
N67157	70
N67158	70
N6715C	452
N6716C	512
N67171	480
N671AE	790
N671AW	104
N671BR	45
N671DN	429
N671MC	1116
N671MQ	55
N671SW	1084
N671UA	373
N671US	56
N672AE	843
N672AW	597
N672BR	152
N672DL	482
N672MQ	59
N672SW	1241
N672UA	371
N672US	46
N673	704
N673AA	513
N673AE	849
N673AW	554
N673BR	118
N673DL	440
N673MQ	42
N673UA	357
N673US	48
N674AA	1115
N674AW	550
N674BR	107
N674DL	480
N674MQ	48
N674RJ	837
N674UA	355
N674US	46
N675	739
N675AA	590
N675AE	843
N675AW	508
N675BR	442
N675DL	519
N675MC	1161
N675MQ	31
N675UA	400
N675US	42
N676AE	845
N676AW	505
N676BR	61
N676CA	292
N676DL	484
N676MC	1111
N676MQ	41
N676SW	1286
N676UA	396
N676US	32
N677AA	1242
N677AE	773
N677AW	565
N677BR	59
N677DL	475
N677MC	1099
N677MQ	42
N677UA	379
N677US	38
N678	694
N678AA	495
N678AE	850
N678AW	544
N678BR	165
N678CA	314
N678DL	444
N678MQ	54
N678US	41
N679	677
N679AA	524
N679AE	861
N679AW	476
N679BR	133
N679CA	313
N679DA	467
N679MQ	63
N680	682
N68061	66
N680AA	531
N680AE	832
N680AW	483
N680BR	936
N680DA	477
N680MQ	43
N68155	75
N68159	75
N68160	62
N681AE	858
N681BR	827
N681DA	546
N681MQ	53
N682	750
N682AE	811
N682BR	817
N682DA	507
N682MQ	55
N682SW	546
N683	670
N683AE	763
N683BR	760
N683DA	464
N683MQ	38
N683SW	540
N684	595
N684BR	899
N684DA	506
N684JW	766
N684MQ	44
N684WN	572
N685	623
N685AE	750
N685BR	550
N685DA	554
N685MQ	37
N685SW	515
N686AE	872
N686BR	785
N686DA	456
N686MQ	47
N686SW	1293
N687BR	119
N687DL	440
N687JS	832
N687MQ	44
N687SW	1218
N688AE	793
N688BR	92
N688DL	462
N688MQ	42
N688SW	1140
N689BR	47
N689CA	311
N689DL	445
N689EC	764
N689MQ	36
N689SW	1056
N69059	71
N69063	106
N690AE	744
N690BR	34
N690CA	1032
N690DL	484
N690MQ	40
N690SW	1105
N69154	79
N691AE	783
N691BR	52
N691CA	286
N691MQ	39
N691WN	1066
N692AE	765
N692BR	123
N692CA	323
N692DL	462
N692MQ	54
N692SW	1180
N69311	359
N69333	384
N69348	321
N69351	279
N693AE	792
N693BR	533
N693CA	292
N693DL	502
N693MQ	51
N693SW	1199
N694AE	738
N694BR	103
N694DA	444
N694DL	61
N694MQ	49
N694SW	1194
N695AE	785
N695BR	144
N695CA	237
N695DA	446
N695DL	64
N695MQ	39
N695SW	1172
N69602	365
N69603	375
N696AE	691
N696BR	131
N696DA	418
N696DL	56
N696MQ	33
N696SW	866
N697AB	808
N697BR	135
N697DL	464
N697MQ	46
N697SW	1221
N698BR	1189
N698CB	779
N698DL	464
N698MQ	40
N698SW	1164
N699AE	757
N699BR	1037
N699DL	518
N699MQ	36
N699SW	1171
N700GS	780
N700LE	661
N700MQ	7
N700UW	581
N701BR	119
N701DN	3
N701EV	393
N701GS	822
N701MH	639
N701MQ	2
N701SK	805
N701UW	609
N702AE	660
N702BR	102
N702DN	2
N702EV	469
N702MQ	30
N702SK	765
N702TW	104
N702UW	587
N70330	392
N70352	318
N70353	279
N703AS	861
N703BR	135
N703EV	576
N703JB	122
N703MQ	23
N703MR	550
N703SK	801
N703SW	864
N703TW	116
N703UW	607
N704MQ	4
N704PG	585
N704SW	822
N704US	278
N704UW	310
N704X	92
N705AE	597
N705AS	845
N705BR	105
N705EV	478
N705JB	133
N705MQ	26
N705SK	771
N705SW	843
N705TW	22
N705UW	593
N706AS	873
N706AW	2
N706BR	40
N706EV	1112
N706JB	122
N706MQ	13
N706RG	607
N706SK	699
N706SW	756
N706TW	88
N706UW	99
N707EB	641
N707EV	1208
N707MQ	29
N707SA	845
N707SK	673
N707TW	100
N707UW	104
N708AE	618
N708AS	833
N708AW	1
N708BR	71
N708CA	701
N708EV	1193
N708JB	78
N708MQ	35
N708SA	724
N708SK	748
N708SW	55
N708UW	620
N709AS	257
N709BR	1075
N709CA	613
N709EV	1170
N709GB	527
N709JB	79
N709MQ	30
N709SK	811
N709SW	864
N709TW	121
N709UW	569
N710BR	1045
N710CA	788
N710EV	1186
N710MQ	37
N710SK	747
N710SW	793
N710TB	646
N710TW	89
N710UW	604
N711HK	829
N711MQ	33
N711PH	628
N711UW	607
N711ZX	38
N712AE	673
N712BR	1
N712CA	745
N712EV	1187
N712JB	75
N712MQ	36
N712SK	777
N712SW	802
N712TW	86
N712US	288
N712UW	322
N713AE	587
N713AS	807
N713CA	780
N713EV	1194
N713MQ	35
N713SK	807
N713SW	853
N713TW	35
N713UW	593
N71411	400
N714CB	859
N714US	280
N714UW	263
N715AE	603
N715JB	61
N715MQ	26
N715SF	1033
N715SK	802
N715SW	819
N715UW	599
N716AE	624
N716CA	753
N716EV	1222
N716MQ	29
N716SK	842
N716SW	817
N716UW	655
N717AE	604
N717BR	1
N717EV	1212
N717JL	481
N717MQ	18
N717SA	870
N717TW	30
N717UW	606
N718AE	612
N718EV	1167
N718MQ	38
N718SK	818
N718SW	842
N718TW	36
N718UW	98
N719AE	592
N719CA	692
N719EV	1210
N719MQ	23
N719SK	758
N719SW	819
N719UW	103
N720	438
N720AE	596
N720EV	1172
N720MQ	23
N720SW	763
N720UW	108
N720WN	448
N721CA	756
N721HS	562
N721MQ	26
N721TW	79
N721UW	598
N722AE	598
N722EV	1149
N722MQ	45
N722TW	39
N722US	323
N722UW	293
N723	480
N723AE	591
N723EV	1129
N723MQ	34
N723SW	408
N723TW	24
N723UW	578
N724	441
N72405	362
N724AE	576
N724EV	1223
N724MQ	26
N724SK	727
N724SW	412
N724UW	585
N725	450
N725AE	607
N725MQ	24
N725SW	418
N725UW	618
N726	439
N7264V	878
N726AE	604
N726SK	734
N726SW	416
N726UW	24
N727AE	565
N727SK	779
N727SW	861
N727TW	27
N727UW	28
N72821	3
N728AE	603
N728MQ	26
N728SK	770
N728SW	832
N728UW	65
N7291Z	752
N729AE	580
N729CA	659
N729JB	57
N729SW	819
N729UW	69
N7305V	733
N730AS	359
N730EV	1162
N730KW	560
N730MA	409
N730MQ	4
N730SK	769
N730SW	398
N730US	293
N730UW	322
N731	405
N73152	80
N731BE	630
N731SA	387
N732	430
N73251	334
N73256	379
N73259	381
N73270	323
N73275	280
N73276	342
N73278	340
N73283	366
N73291	340
N73299	266
N732DH	571
N732SK	755
N732SW	363
N732US	313
N732UW	339
N733KR	563
N733MQ	20
N733SA	328
N733SW	374
N733UW	620
N73406	379
N734EK	573
N734SA	419
N734SW	422
N735	434
N735CA	676
N735SA	381
N735TS	588
N736	455
N736DT	572
N736SA	375
N736UW	73
N737	411
N737JW	414
N737MW	617
N737US	317
N737UW	291
N738	430
N738AL	156
N738CB	442
N738EV	1111
N738MQ	5
N738NR	590
N738SK	824
N738US	312
N738UW	310
N739	392
N739AE	566
N739AL	163
N739CA	764
N739GB	352
N739UW	128
N740	358
N74007	11
N740AL	163
N740AS	347
N740EV	1095
N740SK	805
N740SW	396
N740UW	628
N741	379
N741AL	175
N741AS	547
N741EV	1117
N741SA	379
N741UW	628
N742	436
N742AL	166
N742AS	478
N742PS	340
N742SK	719
N742SW	418
N742UW	293
N743	471
N743SK	705
N743SW	393
N743UW	86
N744AS	9
N744EV	1017
N744P	318
N744SK	749
N744SW	849
N744UW	265
N745AS	435
N745SK	731
N745SW	870
N745UW	290
N745VJ	278
N746AL	175
N746AS	546
N746JB	40
N746SK	660
N746SW	821
N746UW	550
N747	414
N747AS	489
N747SA	397
N747UW	587
N74856	400
N748AL	166
N748EV	1081
N748SK	710
N748SW	814
N748UW	579
N749SW	813
N749US	309
N749UW	317
N750	427
N750AT	325
N750EV	1163
N750NW	418
N750SA	407
N750SK	721
N750UW	585
N751	456
N751AL	157
N751AT	304
N751EV	1068
N751NW	983
N751SK	723
N751SW	421
N751UW	611
N752	473
N752AT	297
N752BR	1
N752EV	1073
N752NW	955
N752SK	719
N752SW	446
N752US	293
N752UW	305
N753	439
N753EV	1122
N753NW	848
N753SK	637
N753SW	434
N753US	285
N753UW	282
N754	417
N75410	427
N75425	42
N75426	40
N75428	10
N75429	5
N754AS	946
N754EV	1140
N754NW	783
N754SK	639
N754SW	441
N754UW	615
N755	424
N755AS	837
N755EV	1071
N755NW	918
N755SA	361
N755SK	585
N755US	298
N755UW	254
N756	480
N756AS	849
N756NW	637
N756SA	425
N756SK	588
N756US	301
N756UW	279
N757	448
N757AT	339
N757LV	348
N757UW	638
N758	453
N75851	360
N75853	409
N75854	409
N75858	397
N75861	285
N758EV	924
N758NW	553
N758SK	565
N758SW	354
N758US	343
N758UW	244
N759	405
N75983	484
N75984	534
N75987	936
N75991	968
N75992	941
N75993	964
N75994	1001
N75995	1023
N75996	833
N75998	993
N75999	447
N759EV	973
N759GS	402
N759NW	937
N760	412
N76010	4
N76054	61
N76055	56
N76062	106
N76064	119
N76065	102
N760AS	946
N760EV	980
N760JB	22
N760NC	1143
N760NW	746
N760SK	562
N760SW	359
N760US	267
N760UW	276
N761	438
N76151	67
N76153	67
N76156	71
N761EV	941
N761NC	1089
N761ND	115
N761RR	419
N762	426
N76254	380
N76265	348
N76269	365
N76288	333
N762AS	1106
N762NC	1124
N762NW	895
N762SK	603
N762SW	414
N762US	314
N762UW	292
N763	409
N76354	299
N76355	293
N763AS	993
N763JB	34
N763NC	89
N763NW	962
N763SK	580
N763SW	429
N763US	298
N763UW	269
N764	441
N764AS	945
N764NC	1121
N764SK	546
N764SW	408
N764US	305
N764UW	267
N765	437
N76502	215
N76503	201
N76504	190
N76505	219
N76508	86
N76514	25
N76515	28
N76516	23
N76517	15
N765AS	1005
N765NC	885
N765SK	578
N765SW	389
N765US	337
N765UW	247
N766	467
N766JB	15
N766NC	1067
N766SK	521
N766SW	429
N766US	288
N766UW	291
N767	426
N767AS	968
N767NC	1042
N767SK	544
N767SW	344
N767UW	597
N768	393
N768AS	864
N768NC	1152
N768SK	565
N768SW	437
N768UA	137
N768US	322
N768UW	284
N769	394
N769AS	872
N769NC	1205
N769SW	359
N769UA	118
N769US	274
N769UW	267
N770	457
N77006	4
N77012	3
N77014	6
N77019	1
N77066	109
N770NC	1088
N770SA	394
N770SK	476
N770UW	549
N771	392
N77181	938
N77195	1008
N771AS	903
N771NC	1140
N771SA	396
N771SK	488
N771UA	139
N772	431
N77258	411
N77260	710
N77261	372
N77278	1071
N77286	717
N77295	295
N77296	305
N772AS	864
N772NC	865
N772SK	535
N772SW	413
N772UA	126
N773	451
N77302	979
N77303	429
N77331	869
N773AS	778
N773NC	1125
N773SA	395
N773SK	507
N773UA	132
N774	390
N774AS	818
N774NC	1139
N774SK	541
N774SW	429
N774UA	140
N775	447
N77510	79
N775AS	852
N775AU	244
N775NC	1203
N775SW	383
N775UA	152
N776	471
N776AS	941
N776AU	232
N776NC	639
N776SK	559
N776UA	139
N776WN	370
N777	407
N777AU	261
N777NC	1134
N777QC	407
N777UA	136
N778	436
N77865	281
N77867	357
N778AS	843
N778AU	273
N778NC	1081
N778SK	484
N778SW	427
N778UA	132
N779	382
N779AS	844
N779AU	250
N779CA	778
N779NC	1059
N779SW	385
N779UA	130
N780	420
N78001	5
N78002	8
N78003	7
N78004	6
N78005	3
N78008	3
N78009	2
N78013	2
N78017	3
N78060	64
N780AS	762
N780AU	236
N780NC	1087
N780SW	393
N780UA	124
N781	423
N781AU	216
N781CA	796
N781NC	694
N781UA	151
N781WN	395
N782	429
N78285	339
N782AS	912
N782AU	258
N782NC	1031
N782SA	363
N782UA	62
N783	452
N783AS	933
N783AU	271
N783CA	783
N783NC	1229
N783SW	400
N783UA	40
N784	424
N784AS	853
N784AU	244
N784CA	776
N784NC	1152
N784SW	408
N784UA	55
N785	418
N78501	210
N78506	184
N78509	83
N78511	58
N785AS	851
N785AU	254
N785CA	803
N785NC	694
N785SW	380
N785UA	45
N786	375
N786AS	1015
N786CA	771
N786NC	1056
N786SW	428
N786UA	45
N787	392
N787NC	1073
N787SA	360
N787UA	57
N788	438
N78866	309
N788AS	867
N788SA	392
N788UA	56
N789	358
N789SW	440
N790	451
N79011	4
N790SW	428
N791	405
N791AS	949
N791SW	415
N791UA	46
N792	422
N79279	315
N792AS	842
N792SW	445
N792UA	51
N793	444
N793AS	850
N793SA	394
N793UA	66
N794	433
N79402	385
N794AS	816
N794SW	380
N794UA	68
N795	401
N795AS	894
N795SW	394
N795UA	54
N796	447
N796AS	909
N796CA	720
N796SW	421
N796UA	43
N797	426
N797AS	729
N797CA	729
N797MX	462
N797UA	39
N798	445
N798CA	724
N798SW	423
N798UA	47
N799	446
N799AS	893
N799SW	403
N799UA	44
N7AAAA	42
N7ABAA	40
N7ACAA	34
N7ADAA	34
N7AEAA	33
N7AFAA	31
N7AGAA	28
N7AHAA	37
N7AJAA	49
N7AKAA	42
N7ALAA	22
N7AMAA	34
N7ANAA	56
N7APAA	41
N7ARAA	39
N7ASAA	40
N7ATAA	42
N7AUAA	40
N7AVAA	38
N7AWAA	33
N7AXAA	34
N7AYAA	55
N7BAAA	38
N7BBAA	39
N7BCAA	32
N7BDAA	43
N7BEAA	30
N7BFAA	31
N7BGAA	32
N7BHAA	34
N7BJAA	19
N7BKAA	39
N7BLAA	29
N7BMAA	43
N7BNAA	33
N7BPAA	42
N7BRAA	39
N7BSAA	37
N7BTAA	41
N7BUAA	40
N7BVAA	33
N7BWAA	58
N7BXAA	34
N7BYAA	37
N7CAAA	37
N7CBAA	24
N7CCAA	32
N800AE	725
N800MQ	39
N800SK	516
N801AE	729
N801AW	598
N801FR	608
N801MA	329
N801MQ	26
N801NW	13
N801UA	491
N802AE	789
N802AW	619
N802FR	611
N802MD	397
N802MQ	44
N802NW	21
N802SK	463
N802UA	566
N803AE	748
N803AW	589
N803BR	208
N803FR	643
N803MD	331
N803MQ	47
N803NW	15
N803SK	487
N803UA	500
N804AE	601
N804AW	584
N804BR	196
N804CA	739
N804FR	577
N804MD	311
N804MQ	39
N804NW	22
N804SK	473
N804UA	571
N805AE	690
N805AW	570
N805BR	216
N805CA	772
N805FR	621
N805LR	48
N805MD	206
N805MQ	36
N805NW	18
N805SK	506
N805UA	483
N806AE	640
N806AW	545
N806BR	212
N806CA	791
N806FR	666
N806MD	237
N806MQ	57
N806NW	17
N806SK	530
N806UA	492
N807AE	650
N807AL	129
N807AW	568
N807BR	176
N807CA	720
N807FR	617
N807MD	359
N807MQ	49
N807NW	15
N807SK	480
N807UA	575
N808AE	665
N808AL	209
N808AW	604
N808BR	165
N808FR	300
N808MD	342
N808MQ	44
N808NW	26
N808UA	530
N809AE	772
N809AW	586
N809BR	166
N809CA	774
N809FR	290
N809MD	258
N809MQ	34
N809NW	16
N809SK	460
N809UA	528
N810AE	688
N810AL	234
N810AW	558
N810BR	140
N810CA	794
N810FR	253
N810MD	275
N810MQ	32
N810NW	14
N810SK	479
N810UA	527
N811AE	757
N811BR	125
N811CA	763
N811MD	373
N811MQ	32
N811NW	14
N811UA	531
N812AE	746
N812AW	598
N812BR	133
N812CA	810
N812FR	235
N812MD	399
N812MQ	49
N812NW	15
N812SK	444
N812UA	494
N813AE	631
N813AW	668
N813MA	365
N813MQ	34
N813NW	18
N813SK	450
N813UA	479
N814AE	642
N814AW	650
N814BR	108
N814CA	881
N814MD	417
N814MQ	40
N814NW	22
N814SK	419
N814UA	479
N815AE	628
N815AW	561
N815BR	89
N815CA	678
N815MD	255
N815MQ	29
N815NW	26
N815SK	378
N815UA	474
N816AE	736
N816AW	604
N816CA	495
N816MA	356
N816MQ	52
N816NW	16
N816SK	396
N816UA	539
N817AE	589
N817AW	576
N817MD	435
N817MQ	41
N817NW	12
N817SK	389
N817UA	509
N818AE	766
N818AL	60
N818AW	547
N818CA	817
N818MD	288
N818MQ	27
N818NW	13
N818UA	462
N819AE	762
N819AW	580
N819CA	755
N819MD	392
N819MQ	27
N819NW	11
N819NY	1
N819UA	508
N819cA	76
N820AE	754
N820AL	27
N820AS	1244
N820AW	603
N820MD	379
N820MQ	36
N820NW	3
N820SK	357
N820UA	458
N821AE	696
N821AL	239
N821AS	1265
N821AW	573
N821CA	717
N821MD	400
N821MQ	33
N821NW	9
N821SK	385
N821UA	503
N822AE	753
N822AW	536
N822MD	444
N822MQ	44
N822SK	19
N822UA	512
N823AE	721
N823AL	192
N823AS	1152
N823AW	630
N823BR	1
N823MD	269
N823MQ	33
N823SK	23
N823UA	481
N824AE	661
N824AL	292
N824AS	1253
N824AW	622
N824MD	297
N824MQ	36
N824SK	17
N824UA	457
N824\A	1
N825AE	699
N825AS	1204
N825AW	595
N825MH	221
N825MQ	35
N825UA	477
N826AE	804
N826AL	136
N826AS	1243
N826AW	587
N826MD	246
N826MH	256
N826MQ	43
N826UA	487
N827AE	764
N827AL	3
N827AS	1257
N827AW	596
N827MH	274
N827MQ	29
N827UA	529
N828AE	726
N828AL	195
N828AS	1234
N828AW	572
N828MH	380
N828MQ	37
N828UA	521
N829AE	668
N829AS	1260
N829AW	606
N829MH	376
N829MQ	28
N829UA	514
N82SW	6
N830AE	808
N830AS	1249
N830AW	559
N830MH	359
N830MQ	39
N830UA	469
N831AE	779
N831AW	663
N831MH	367
N831MJ	5
N831MQ	37
N831UA	484
N832AE	720
N832AS	1207
N832AW	581
N832BR	1
N832MH	358
N832MJ	7
N832MQ	34
N832UA	502
N833AE	745
N833AS	1321
N833AW	522
N833MH	368
N833MJ	38
N833MQ	46
N833UA	494
N834AE	717
N834AL	3
N834AS	1154
N834AW	574
N834MH	351
N834MJ	21
N834MQ	37
N834UA	468
N835AE	662
N835AL	278
N835AS	1214
N835AW	528
N835MH	270
N835MJ	93
N835MQ	33
N835UA	548
N836AE	719
N836AL	163
N836AS	1249
N836AW	464
N836MH	273
N836MJ	95
N836MQ	45
N836UA	541
N837AE	649
N837AL	247
N837AS	1210
N837AW	456
N837MH	300
N837MJ	77
N837MQ	28
N837UA	514
N838AE	734
N838AS	1184
N838AW	431
N838MH	188
N838MJ	72
N838MQ	47
N838UA	544
N839AE	715
N839AS	1156
N839AW	443
N839MH	172
N839MJ	21
N839MQ	52
N839UA	479
N83SW	10
N840AE	698
N840AS	1188
N840AW	411
N840BR	1
N840MH	192
N840MQ	49
N840UA	503
N841AE	621
N841AL	94
N841AS	1193
N841MH	220
N841MQ	23
N841UA	517
N842AE	717
N842AS	1130
N842MH	180
N842MQ	39
N842UA	525
N843AE	660
N843AL	17
N843AS	1199
N843MH	194
N843MQ	37
N843UA	478
N844AE	696
N844AS	1167
N844BR	1
N844MH	200
N844MQ	35
N844UA	532
N845AE	708
N845AS	1229
N845BR	1
N845MH	167
N845MJ	72
N845MQ	51
N845UA	534
N846AE	706
N846AS	1182
N846MJ	71
N846MQ	47
N846UA	516
N847AE	688
N847AS	1180
N847MJ	9
N847MQ	37
N847UA	509
N848AE	624
N848AS	1092
N848MQ	23
N848UA	532
N849AE	603
N849AS	1244
N849MJ	24
N849MQ	40
N849UA	517
N850AE	710
N850AS	1273
N850BR	3
N850MJ	25
N850MQ	13
N850UA	501
N851AE	684
N851AS	1208
N851MJ	223
N851MQ	38
N851NW	2
N851UA	452
N852AE	714
N852AS	1170
N852MJ	206
N852MQ	48
N852NW	3
N852UA	544
N853AE	675
N853AS	1188
N853BR	1
N853MJ	204
N853MQ	35
N853NW	1
N853UA	490
N854AE	750
N854AS	1273
N854MJ	207
N854MQ	50
N854NW	2
N854UA	483
N855AE	754
N855AS	1101
N855MJ	373
N855MQ	28
N855NW	3
N855UA	452
N856AE	682
N856AS	1251
N856MJ	309
N856MQ	37
N857AE	753
N857AS	1364
N857MJ	382
N857MQ	41
N857NW	1
N858AE	757
N858AS	1250
N858MJ	377
N858MQ	27
N859AS	1243
N859BR	1
N859MJ	495
N859NW	1
N860AS	1037
N860DA	80
N860MJ	446
N861AS	1320
N861DA	71
N862AS	677
N862BR	1
N862DA	71
N863AS	727
N863DA	80
N864AS	719
N864CA	16
N864DA	68
N865AS	640
N865CA	98
N865DA	66
N866AS	710
N866DA	80
N867AS	1144
N867DA	88
N868AS	1250
N868CA	779
N869AS	735
N870AS	1212
N871AS	1225
N872AS	1260
N87353	984
N873AS	1120
N874AS	1266
N87507	86
N87512	56
N87513	37
N875AS	1322
N876AS	1132
N877AS	1225
N878AS	1018
N879AS	1227
N880AS	1176
N881AS	1020
N882AS	1064
N882BR	1
N883AS	1082
N884AS	1186
N885AS	1096
N886AS	1084
N889AS	1104
N8912E	2
N8913E	2
N891AT	493
N8920E	696
N8921E	675
N8923E	791
N8925E	415
N8926E	724
N8928E	753
N8929E	660
N892AT	498
N8932E	751
N8933E	722
N8934E	588
N8938E	712
N893AT	491
N8944E	657
N8945E	741
N894AT	499
N8950E	306
N8957E	559
N895AT	476
N8960E	690
N896AT	416
N8978E	628
N8979E	588
N8986E	685
N899AT	449
N89S	385
N900AE	824
N900DE	707
N900EV	1205
N900MQ	31
N900PC	423
N900WN	250
N901AE	184
N901AW	560
N901DA	409
N901DE	710
N901DL	454
N901EV	1112
N901FR	593
N901WN	232
N902AE	377
N902AW	486
N902BC	837
N902DA	415
N902DE	687
N902DL	506
N902EV	1247
N902FJ	837
N902FR	760
N902MQ	43
N902UA	537
N902WN	230
N903AE	13
N903AW	563
N903DA	421
N903DE	731
N903DL	447
N903EV	1229
N903FJ	831
N903FR	589
N903SW	956
N903UA	556
N903WN	199
N904AE	527
N904AW	541
N904DA	457
N904DE	719
N904DL	686
N904EV	1179
N904FJ	778
N904FR	739
N904UA	458
N904WN	194
N905AW	560
N905DA	464
N905DE	664
N905DL	661
N905EV	1210
N905FJ	777
N905FR	727
N905JH	767
N905MQ	34
N905SW	894
N905UA	559
N905WN	172
N906	5
N906AE	808
N906AT	627
N906AW	592
N906DA	415
N906DE	618
N906DL	687
N906EV	1207
N906FJ	788
N906FR	773
N906MQ	30
N906SW	906
N906UA	446
N906WN	186
N907AE	801
N907AW	194
N907DA	397
N907DE	659
N907DL	693
N907EV	1200
N907FJ	774
N907FR	662
N907MQ	35
N907SW	876
N907UA	561
N907WN	170
N908AE	745
N908AW	525
N908DA	414
N908DE	561
N908DL	692
N908EV	1231
N908FJ	779
N908FR	740
N908MQ	32
N908SW	873
N908UA	4
N908WN	202
N909AE	672
N909AW	517
N909DA	463
N909DE	541
N909DL	668
N909EV	1103
N909FJ	775
N909FR	551
N909MQ	33
N909SW	940
N909UA	2
N909WN	167
N90S	86
N910AS	180
N910AT	587
N910AW	484
N910CA	47
N910DE	541
N910DL	670
N910DN	401
N910EV	476
N910FJ	811
N910FR	674
N910SW	835
N910UA	606
N910WN	170
N911DA	419
N911DE	510
N911DL	663
N911FJ	792
N911UA	4
N912AS	196
N912CA	971
N912DE	503
N912DL	656
N912DN	392
N912EV	432
N912FJ	836
N912FR	687
N912SW	908
N912UA	649
N912WN	167
N913AW	684
N913CA	63
N913DE	538
N913DL	670
N913DN	471
N913EV	653
N913FJ	748
N913FR	639
N913SW	815
N913UA	638
N913WN	173
N914AW	713
N914CA	786
N914DE	493
N914DL	538
N914DN	430
N914EV	1022
N914FJ	734
N914FR	769
N914UA	603
N914WN	186
N915AT	586
N915AW	803
N915CA	862
N915DE	475
N915DL	596
N915DN	448
N915EV	697
N915FJ	766
N915FR	669
N915RW	642
N915SW	890
N915UA	10
N915WN	140
N916CA	833
N916DE	559
N916DL	695
N916DN	462
N916EV	891
N916FJ	794
N916FR	641
N916RW	695
N916SW	898
N916UA	23
N916UW	406
N916WN	141
N917CA	799
N917DE	704
N917DL	690
N917EV	1048
N917FJ	716
N917FR	633
N917RW	126
N917SW	908
N917UA	22
N917UW	474
N917WN	134
N918AE	733
N918CA	843
N918DE	616
N918DL	585
N918FJ	799
N918FR	669
N918MQ	38
N918RW	545
N918SW	751
N918UA	604
N918UW	432
N918WN	136
N919AT	528
N919DE	626
N919DL	573
N919EV	1010
N919FJ	728
N919FR	689
N919RW	156
N919SW	920
N919UA	645
N919UW	464
N919WN	96
N920AT	595
N920CA	860
N920DE	665
N920DL	644
N920EV	1180
N920FJ	840
N920FR	806
N920RW	124
N920SW	882
N920UA	27
N920UW	346
N920WN	104
N921AT	507
N921DL	533
N921EV	1102
N921FJ	868
N921FR	747
N921RW	622
N921UA	639
N921UW	451
N921WN	113
N9222N	50
N922AE	770
N922AT	457
N922DL	652
N922EV	1050
N922FJ	813
N922FR	652
N922MQ	49
N922RW	591
N922UA	657
N922UW	429
N922WN	48
N923AE	749
N923AT	400
N923DL	610
N923EV	896
N923FJ	791
N923FR	718
N923MQ	52
N923RW	735
N923SW	894
N923UA	627
N923UW	393
N923VJ	9
N923WN	105
N924AT	531
N924CA	793
N924DL	515
N924EV	1103
N924FJ	721
N924FR	716
N924RW	777
N924SW	921
N924UA	626
N924UW	375
N924VJ	12
N924WN	104
N925AE	683
N925AT	516
N925DL	590
N925EV	941
N925FJ	748
N925FR	720
N925MQ	42
N925SW	853
N925UA	587
N925US	753
N925UW	427
N925WN	88
N926AT	564
N926CA	834
N926DL	646
N926EV	1147
N926FR	764
N926LR	708
N926NW	703
N926RC	144
N926SW	889
N926WN	68
N927AT	608
N927CA	774
N927DA	669
N927EV	1197
N927FR	776
N927LR	676
N927RC	122
N927SW	884
N927UA	635
N927UW	409
N927WN	66
N928AE	695
N928AT	562
N928DL	691
N928EV	1064
N928FR	723
N928LR	750
N928MQ	53
N928SW	853
N928UA	667
N928UW	93
N928WN	56
N929AT	553
N929CA	913
N929DL	716
N929EV	1082
N929FR	768
N929LR	738
N929SW	918
N929UA	596
N929UW	461
N929WN	79
N930AT	590
N930DL	682
N930EV	1034
N930FR	730
N930LR	751
N930SW	889
N930UA	613
N930UW	391
N931AE	740
N931AS	615
N931CA	749
N931DL	690
N931EV	1076
N931FR	687
N931LR	761
N931MQ	30
N931UW	88
N932AE	771
N932AT	645
N932CA	839
N932DL	646
N932EV	1115
N932FR	721
N932LR	819
N932MQ	40
N932SW	864
N932UA	666
N932UW	505
N9331	631
N9332	682
N9333	562
N9334	554
N9335	471
N9336	563
N9337	628
N9338	596
N9339	671
N933AT	570
N933CA	801
N933DL	701
N933EV	948
N933FR	678
N933JN	728
N933LR	757
N933MQ	41
N933UA	584
N933UW	470
N9340	125
N9341	126
N9342	531
N9343	597
N9344	132
N9346	688
N9347	104
N9348	6
N934AS	714
N934AT	556
N934DL	628
N934EV	1046
N934FJ	826
N934FR	641
N934SW	890
N934UA	663
N934UW	517
N935AE	737
N935AS	558
N935AT	629
N935DL	611
N935EV	1067
N935FR	671
N935LR	802
N935MQ	46
N935SW	817
N935UA	566
N935UW	438
N936AT	522
N936CA	738
N936DL	699
N936EV	970
N936FR	748
N936SW	833
N936UA	588
N936UW	469
N937AT	543
N937CA	797
N937DL	667
N937EV	956
N937FR	662
N937SW	806
N937UA	538
N937UW	450
N938AT	331
N938CA	858
N938DL	662
N938FR	676
N938LR	794
N938SW	953
N938UA	583
N938UW	485
N939AE	664
N939AT	352
N939DL	620
N939FR	716
N939LR	783
N939MQ	45
N939SW	893
N939UW	423
N940AT	507
N940CA	748
N940DL	652
N940FR	682
N940N	632
N940UW	536
N941CA	802
N941DL	708
N941FR	688
N941LT	703
N941MQ	41
N941N	141
N941SW	894
N941UA	571
N941UW	462
N942AE	612
N942AT	522
N942DL	745
N942FR	645
N942LR	743
N942MQ	39
N942N	584
N942UA	598
N942UW	484
N943AS	891
N943AT	581
N943DL	694
N943FR	637
N943N	666
N943SW	869
N944AS	1017
N944AT	552
N944DL	681
N944FR	518
N944SW	904
N944UW	560
N945AT	512
N945DL	662
N945FR	536
N945N	639
N945SW	875
N945UW	485
N946AT	536
N946DL	668
N946FR	438
N946SW	911
N946UW	431
N947AS	849
N947AT	508
N947DL	592
N947FR	518
N947SW	898
N947UW	363
N947WP	16
N948AS	878
N948AT	560
N948DL	636
N948FR	416
N948SW	881
N948UW	317
N948WP	31
N949AS	830
N949AT	553
N949CA	544
N949DL	732
N949FR	344
N949N	543
N949UW	206
N94SW	8
N950AS	767
N950AT	501
N950DL	607
N950FR	318
N950UW	203
N951AT	488
N951CA	484
N951DL	640
N951SW	789
N951UW	189
N951WP	25
N952AT	548
N952CA	266
N952DL	591
N952SW	876
N952UW	203
N952WP	19
N953AT	532
N953DL	661
N953N	6
N953SW	858
N953UW	187
N954AT	520
N954CA	763
N954DL	684
N954SW	849
N954UW	151
N955AT	565
N955DL	620
N955SW	869
N955UW	155
N956AT	471
N956CA	759
N956DL	690
N956LR	812
N956N	7
N956SW	864
N956UW	97
N957AT	515
N957CA	823
N957DL	655
N957N	5
N957SW	850
N957UW	113
N958AS	995
N958AT	520
N958CA	710
N958DL	670
N958N	9
N958SW	843
N958UW	109
N959AT	534
N959CA	806
N959DL	629
N959SW	860
N959UW	95
N95SW	17
N960AS	957
N960AT	521
N960CA	759
N960DL	712
N960N	39
N960SW	824
N960UW	89
N961AS	961
N961AT	471
N961DL	644
N961N	148
N961SW	770
N961UW	68
N962AS	1005
N962CA	791
N962DL	644
N962N	79
N962SW	875
N962UW	63
N963AT	533
N963CA	803
N963DL	718
N963N	106
N963SW	789
N963UW	54
N964AS	653
N964AT	511
N964CA	730
N964DL	681
N964N	154
N964SW	844
N964UW	53
N965AS	723
N965AT	498
N965CA	762
N965DL	655
N965N	154
N965SW	821
N965UW	38
N966AT	534
N966CA	872
N966DL	656
N966UW	36
N967AT	536
N967CA	736
N967DL	641
N967N	623
N967SW	870
N967UW	23
N968AS	1006
N968AT	506
N968DL	636
N968UW	88
N969AS	898
N969AT	521
N969CA	847
N969DL	672
N969SW	861
N96SW	8
N970AT	505
N970DL	686
N970EV	993
N970SW	782
N971AT	508
N971DL	568
N971EV	864
N971SW	663
N972AS	954
N972AT	488
N972CA	801
N972DL	650
N972EV	1026
N97325	697
N973AS	610
N973AT	8
N973CA	800
N973DL	733
N973EV	934
N973SW	766
N974AS	453
N974AT	480
N974DL	638
N974EV	942
N975AS	1006
N975AT	519
N975CA	421
N975DL	705
N975EV	786
N975SW	800
N976AS	859
N976CA	465
N976DL	709
N976EV	963
N976SW	740
N977AS	959
N977AT	496
N977CA	195
N977DL	699
N977EV	812
N978AT	520
N978CA	185
N978DL	643
N978EV	936
N978SW	886
N979AS	836
N979AT	508
N979CA	187
N979DL	664
N979EV	837
N979SW	760
N980AT	477
N980DL	698
N980EV	925
N980SW	720
N981AS	828
N981AT	529
N981CA	148
N981DL	730
N981EV	894
N982AS	920
N982AT	557
N982CA	211
N982DL	624
N982SW	830
N982US	171
N983AT	383
N983CA	742
N983DL	607
N983SW	796
N983US	109
N984CA	722
N984DL	658
N984US	681
N985AT	539
N985DL	617
N985US	110
N986AT	563
N986CA	876
N986DL	677
N986SW	792
N986US	105
N987AT	591
N987CA	589
N987DL	659
N987HA	841
N987US	767
N988AT	518
N988CA	107
N988DL	667
N988HA	853
N9896A	17
N989AT	535
N989CA	756
N989DL	637
N989HA	965
N990AT	476
N990CA	110
N990DL	601
N991AH	64
N991AT	518
N991DL	672
N991HA	886
N991cA	569
N992AT	547
N992DL	660
N993AT	465
N993DL	622
N994AT	492
N994DL	668
N994Z	160
N995AT	556
N995CA	626
N995DL	628
N996AT	556
N996DL	613
N997AT	539
N997DL	663
N998AT	510
N998CA	610
N998DL	647
N999CA	669
N999DN	631
NHZOAL	16
Unknow	12
n408ca	92
n409ca	86
n466ca	80
n815ca	90
n816ca	80
